de,的
no,不
a,到
la,她
el,他
es,是
y,和
en,在
lo,它
un,一个
por,通过
qué,为什么
me,我
una,一个
te,你
los,那些
se,自己
con,与
para,为了
mi,我的
está,在
si,如果
bien,好
pero,但是
yo,我
eso,那个
las,那些
sí,是
su,她的
tu,你的
aquí,这里
del,的
al,到
como,像
le,给
más,更多
esto,这个
ya,已经
todo,所有
esta,这个
vamos,我们去
muy,非常
hay,有
ahora,现在
algo,一些
estoy,我在
tengo,我有
nos,我们
tú,你
nada,什么都没有
cuando,当
ha,有
este,这个
sé,我知道
estás,你在
así,这样
puedo,我可以
cómo,怎么
quiero,我想
sólo,只是
soy,我是
tiene,他有
gracias,谢谢
o,或者
él,他
bueno,好
fue,曾经
ser,是
hacer,做
son,是
todos,所有
era,她是
eres,你是
vez,次
tienes,你有
creo,我认为
ella,她
he,他
ese,那个
voy,我去
puede,可以
sabes,你知道
hola,你好
sus,他们的
porque,因为
dios,上帝
quién,谁
nunca,从不
dónde,哪里
quieres,你想
casa,家
favor,请
esa,那个
dos,二
tan,那么
señor,先生
tiempo,时间
verdad,真相
estaba,曾经
mejor,更好
están,他们
va,去
hombre,男人
usted,您
mucho,很多
hace,做
entonces,那么
siento,我感到
tenemos,我们有
puedes,你可以
ahí,那里
ti,你
vida,生活
ver,看
alguien,有人
sr,先生
hasta,直到
sin,没有
mí,我
solo,只是
años,年
sobre,关于
decir,说
uno,一个
siempre,总是
oh,哦
ir,去
cosas,事情
también,也
antes,之前
has,你有
ni,也不
mis,我的
día,天
estar,在
estamos,我们在
noche,夜
nadie,没有人
otra,另一个
quiere,想要
parece,似乎
nosotros,我们
poco,一点
padre,父亲
trabajo,工作
gente,人
mira,看
vas,你去
sea,是
les,他们
donde,哪里
mismo,同样
hecho,事实
ellos,他们
dijo,他说
pasa,发生
dinero,钱
hijo,儿子
tal,那样
otro,另一个
hablar,说话
seguro,安全
claro,当然
estas,这些
lugar,地方
mundo,世界
amigo,朋友
espera,等待
mierda,狗屎
han,他们有
tus,你的
sabe,知道
después,之后
momento,时刻
desde,从
fuera,外面
cosa,东西
tipo,类型
mañana,明天
podemos,我们可以
dije,我说
gran,大
necesito,我需要
estado,状态
podría,可以
acuerdo,协议
papá,爸爸
tener,有
dice,说
mío,我的
crees,你认为
buena,好
gusta,喜欢
nuestro,我们的
nuevo,新的
será,将会
haciendo,正在做
días,天
nombre,名字
buen,好
había,曾经
ven,来
tres,三
menos,少于
debe,应该
tenía,有
mal,坏
conmigo,和我在一起
madre,母亲
hoy,今天
quien,谁
sido,已经
mamá,妈妈
tienen,他们有
luego,然后
todas,所有
allí,那里
toda,整个
hora,小时
mujer,女人
visto,看过
haces,你做
importa,重要
contigo,和你在一起
ve,去
tarde,晚
oye,听
parte,部分
haber,有
hombres,男人
problema,问题
mas,但是
saber,知道
quería,想要
aún,仍然
veces,次
nuestra,我们的
hacerlo,做它
cada,每个
hizo,做了
veo,我看到
tanto,那么
razón,理由
ustedes,你们
idea,想法
esos,那些
van,去
quizá,也许
debo,我应该
alguna,某些
cierto,确实
ud,您
muerto,死
unos,一些
estos,这些
salir,出去
policía,警察
realmente,真的
demasiado,太
familia,家庭
pueden,他们可以
cabeza,头
hemos,我们已经
amigos,朋友
chica,女孩
cariño,亲爱的
lado,边
allá,那里
entre,之间
minutos,分钟
digo,我说
algún,某个
serio,严肃
cuidado,小心
pasó,发生
buenas,好的
somos,我们是
amor,爱
puerta,门
ves,你看
vaya,去吧
ah,啊
suerte,运气
eh,呃
rápido,快
cuenta,账单
quizás,也许
esas,那些
pues,那么
pasado,过去
pensé,我想
todavía,仍然
hermano,兄弟
debes,你必须
casi,几乎
forma,形式
aqui,这里
chico,男孩
ok,好的
dicho,说过
nueva,新的
sabía,知道
muchas,很多
dentro,里面
hice,我做了
contra,对抗
auto,汽车
camino,道路
ayuda,帮助
primera,第一
hacia,朝向
vi,我看见
miedo,害怕
adiós,再见
primero,第一
debería,应该
poder,能够
niños,孩子
sería,会是
historia,历史
hey,嘿
mientras,当...的时候
ciudad,城市
dijiste,你说的
espero,我希望
cuánto,多少
esposa,妻子
pronto,很快
chicos,男孩
cualquier,任何
viejo,老
debemos,我们应该
deja,放
año,年
muerte,死亡
hablando,说话
manos,手
da,给
loco,疯狂
problemas,问题
mano,手
guerra,战争
semana,星期
pasar,经过
vale,好吧
cuál,哪个
viene,来
volver,返回
toma,拿
caso,案例
agua,水
haré,我会
vete,走开
entiendo,我明白
horas,小时
personas,人
capitán,船长
adelante,向前
niño,孩子
listo,聪明
noches,夜晚
buenos,好的
iba,去
juntos,一起
dame,给我
único,唯一
déjame,让我
cerca,附近
otros,其他
sigue,继续
grande,大
arriba,上面
jefe,老板
habla,说
supongo,我想
manera,方式
quieren,他们想要
feliz,快乐
significa,意味着
sangre,血
fin,结束
bajo,低
llama,打电话
venir,来
morir,死
importante,重要
hiciste,你做了
ojos,眼睛
escucha,听
entrar,进入
ningún,没有
corazón,心
diablos,魔鬼
necesitamos,我们需要
atrás,后面
durante,期间
dices,你说
nuestros,我们的
persona,人
abajo,下面
dr,医生
hija,女儿
dejar,离开
necesita,需要
llegar,到达
hago,我做
señora,女士
haya,有
suficiente,足够
doctor,医生
gustaría,想
tierra,土地
cara,脸
siquiera,即使
genial,很棒
cree,相信
supuesto,当然
tomar,喝
equipo,团队
justo,公正
juego,游戏
ninguna,没有
matar,杀
cinco,五
dicen,他们说
amo,爱
cuándo,什么时候
pequeño,小
algunos,一些
conozco,我认识
clase,班级
maldito,该死
unas,一些
muchos,很多
hubiera,如果有
segundo,第二
aunque,虽然
pueda,能够
dime,告诉我
igual,一样
comida,食物
ay,哎
cuerpo,身体
encontrar,找到
fuerte,强壮
vuelta,回
venga,来吧
creer,相信
realidad,现实
saben,知道
puta,妓女
deberías,你应该
pregunta,问题
fui,我去了
cuatro,四
sra,女士
primer,第一
trabajar,工作
e,和
hagas,你做
alto,高
maldita,该死的
comer,吃
número,数字
dar,给
necesitas,你需要
oportunidad,机会
punto,点
misma,同样
última,最后
afuera,外面
mujeres,女人
pensar,思考
fueron,他们是
difícil,困难
vivir,生活
paso,步骤
malo,坏
estabas,你在
vivo,活着
haga,做
queda,留下
hijos,孩子
mayor,更大
fiesta,派对
hacen,他们做
medio,中间
algunas,一些
basta,够了
arma,武器
vino,酒
meses,个月
cuarto,四分之一
éste,这个
escuela,学校
esté,在
dólares,美元
tío,叔叔
posible,可能
tuve,我有
fácil,容易
preocupes,担心
luz,光
eran,曾经
carajo,见鬼
final,结束
lista,清单
trata,处理
armas,武器
hermana,姐妹
exactamente,确切地
chicas,女孩
podía,能够
bastante,相当
seguridad,安全
pasando,经过
esperando,等待
acá,这里
teléfono,电话
perro,狗
fuego,火
murió,死了
tampoco,也不
sola,单独
estuvo,在
verte,见到你
iré,我会去
tenido,拥有
culpa,过错
veras,你会看到
adónde,哪里
buscando,寻找
cuanto,多少
padres,父母
paz,和平
demonios,魔鬼
estará,将会
cual,哪个
perdón,对不起
asi,这样
jugar,玩
pensando,思考
esperar,等待
sabemos,我们知道
recuerdo,记忆
par,对
joven,年轻
seguir,继续
pueblo,村庄
tenga,有
caballeros,骑士
idiota,傻瓜
dio,上帝
minuto,分钟
bebé,婴儿
única,唯一
lejos,远
nuestras,我们的
plan,计划
pienso,我想
sentido,意义
dormir,睡觉
digas,你说
palabra,词
correcto,正确
control,控制
vemos,我们看到
entiendes,你理解
país,国家
seis,六
último,最后
ésta,这个
diga,说
podrías,你能
pequeña,小
cállate,闭嘴
trato,交易
rey,国王
sucede,发生
muchachos,小伙子
jamás,从不
cama,床
srta,小姐
ayudar,帮助
acerca,关于
di,说
cambio,变化
falta,缺少
hospital,医院
lleva,带
presidente,总统
mil,千
gusto,喜好
conoces,你知道
diciendo,说着
os,你们
ido,去
general,将军
extraño,陌生
semanas,周
coche,汽车
peor,更糟
mucha,很多
disculpe,对不起
diré,我会说
anoche,昨晚
perder,失去
vámonos,我们走吧
nave,飞船
cielo,天空
habrá,将会有
orden,秩序
segura,安全
querida,亲爱的
niña,女孩
increíble,不可思议
además,此外
deben,他们应该
libro,书
calle,街
café,咖啡
piensas,你想
hacemos,我们做
especial,特别
queremos,我们想要
irme,离开我
perfecto,完美
buscar,寻找
odio,仇恨
piensa,想
oficina,办公室
hablas,你说
libre,自由
agente,代理
york,纽约
llamar,打电话
mala,坏
detrás,在后面
viste,你看
dile,告诉他
grandes,大的
recuerdas,你记得
real,真实
estaban,他们在
mía,我的
frente,前面
perdido,失踪
llamo,我打电话
muertos,死者
millones,百万
asesino,杀手
sueño,梦
quisiera,我想要
habría,将会
hará,将会
viaje,旅行
probablemente,可能
resto,其余
estaré,我将会
maldición,诅咒
lamento,遗憾
muchacho,男孩
avión,飞机
ropa,衣服
fuerza,力量
llamado,称呼
oído,耳朵
dado,骰子
encima,在上面
negro,黑色
usar,使用
información,信息
uds,你们
preguntas,问题
tuvo,有
secreto,秘密
vuelve,回来
miren,看
quieras,你想要
haría,会
acaba,结束
otras,其他
incluso,甚至
sientes,你感到
deberíamos,我们应该
haz,做
decirte,告诉你
boca,嘴
dolor,痛
baño,浴室
adentro,里面
profesor,老师
habitación,房间
daño,伤害
tuyo,你的
seas,成为
noticias,新闻
demás,其他人
querido,亲爱的
duro,坚硬
poner,放置
prueba,测试
mire,看
tonto,傻瓜
campo,田野
siendo,正在
diez,十
ése,那个
tranquilo,安静
asunto,事务
acabó,结束
quédate,留下
derecho,权利
placer,愉快
recuerda,记得
estuve,我在
tratando,尝试
ejército,军队
futuro,未来
llevar,带
compañía,公司
venido,来了
listos,准备
haremos,我们将
sitio,地方
verlo,看见它
puesto,职位
atención,注意
sino,否则
cambiar,改变
error,错误
blanco,白色
raro,奇怪
palabras,单词
llegó,到达
sal,盐
pase,通行证
mente,心智
sistema,系统
película,电影
anda,走
ello,它
negocio,生意
novia,女友
permiso,许可
creí,我相信
suena,听起来
ocurre,发生
oficial,官员
espere,等
aire,空气
mató,杀死
regresar,返回
vio,看见
hazlo,做吧
trasero,后面
grupo,组
entendido,明白
señorita,小姐
música,音乐
perra,母狗
conoce,认识
empezar,开始
siente,感觉
acabo,结束
estúpido,愚蠢
diferente,不同
traje,西装
modo,方式
encontré,我找到了
mensaje,信息
llamada,电话
navidad,圣诞节
eras,你曾经
pena,遗憾
largo,长
entra,进入
piso,楼层
foto,照片
dijeron,他们说
médico,医生
accidente,事故
fuiste,你去了
imposible,不可能
podríamos,我们可以
línea,线
propia,自己的
barco,船
ganar,赢
normal,正常
segundos,秒
vive,生活
mitad,一半
quiera,想要
tras,之后
decirle,告诉他
lindo,可爱
funciona,运作
programa,程序
vine,我来了
abre,打开
sean,成为
pagar,支付
fotos,照片
centro,中心
supone,假设
basura,垃圾
situación,情况
mejores,更好的
vienen,来
encanta,喜欢
marido,丈夫
personal,个人
maestro,老师
hambre,饥饿
ataque,攻击
culo,屁股
dale,给
pie,脚
conseguir,获得
trabajando,工作中
gracioso,搞笑
dejó,离开
pudo,能够
derecha,右边
izquierda,左边
próxima,下一个
pobre,贫穷
respuesta,回答
tipos,类型
sentir,感受
tenías,你有
pude,我能
darle,给她
voz,声音
amiga,朋友
gustan,喜欢
vista,视野
salvo,除了
loca,疯狂
hotel,酒店
hicieron,他们做了
ten,十
temo,我害怕
señal,信号
pelo,头发
llevo,我带着
ayer,昨天
das,你给
nena,女孩
servicio,服务
tren,火车
bonito,漂亮
mes,月
tendrá,将会
tendrás,你将会
edad,年龄
ellas,她们
hermosa,美丽
honor,荣誉
simplemente,简单地
llamas,你打电话
tengas,你有
corre,跑
baja,低
sol,太阳
siéntate,坐下
dan,他们给
humano,人类
divertido,有趣
sexo,性
vuelto,返回
peligro,危险
mesa,桌子
siguiente,下一个
hablo,我说
disculpa,对不起
decirme,告诉我
caja,盒子
negocios,生意
misión,使命
silencio,沉默
sale,出去
llegado,到达
estaría,会
regreso,返回
media,半
estan,他们在
propio,自己的
oro,黄金
enseguida,马上
linda,可爱
prometo,我承诺
esposo,丈夫
norte,北
hubo,曾经有
juro,我发誓
muerta,死
interesante,有趣
pensaba,我在想
busca,寻找
terminar,结束
tendré,我将有
completamente,完全
cita,约会
siete,七
cumpleaños,生日
abogado,律师
alrededor,周围
cerebro,大脑
porqué,为什么
llave,钥匙
santo,圣人
hermoso,美丽
necesario,必要
edificio,建筑
irnos,离开我们
aun,即使
tendremos,我们将有
vayas,你去
doy,我给
trae,带来
salió,离开
ley,法律
ahi,那里
verdadero,真实
pelea,打斗
banco,银行
terrible,可怕
calma,平静
cena,晚餐
daré,我将给
gobierno,政府
comprar,购买
creen,相信
sargento,军士
destino,命运
existe,存在
hacía,曾经
novio,男朋友
sala,房间
través,通过
regalo,礼物
iglesia,教堂
decía,说
cualquiera,任何人
excelente,优秀
esperen,等候
deseo,愿望
alma,灵魂
diablo,魔鬼
deje,放下
cuántos,多少
espada,剑
estábamos,我们在
carne,肉
maravilloso,美妙的
vidas,生命
sucedió,发生了
oí,我听到
peligroso,危险的
dirección,方向
libertad,自由
jesús,耶稣
ocurrió,发生
veré,我会看
sueños,梦想
pudiera,能够
detective,侦探
sorpresa,惊喜
tuya,你的
pies,脚
club,俱乐部
terminado,完成
infierno,地狱
creía,我相信
luna,月亮
salvar,拯救
carta,信
estés,你在
cielos,天空
teniente,中尉
encuentra,找到
veamos,让我们看看
quise,我想
escúchame,听我说
necesitan,他们需要
ambos,两者
decisión,决定
enemigo,敌人
hicimos,我们做了
dulce,甜
pruebas,测试
querías,你想要
abuelo,祖父
totalmente,完全
mirando,看着
vayan,去吧
carrera,职业
vuelo,飞行
ante,前面
bienvenido,欢迎
harás,你将做
encontramos,我们找到
encontrado,找到的
contacto,联系
posición,位置
saberlo,知道它
planeta,行星
humanos,人类
coronel,上校
junto,一起
diría,我会说
ésa,那个
base,基础
oír,听
suelo,地面
pelear,打架
ayudarte,帮助你
pistola,手枪
frío,冷
comandante,指挥官
partes,部分
llega,到达
verás,你会看到
sur,南
iremos,我们将去
rato,一会儿
mar,海
espacio,空间
asesinato,谋杀
ventana,窗户
prisa,急
tienda,商店
cámara,相机
puedas,你能
según,根据
broma,玩笑
reunión,会议
despierta,醒来
sacar,拿出
tí,你
segunda,第二
papel,纸
locura,疯狂
departamento,部门
horrible,可怕
enfermo,生病
pregunto,我问
cárcel,监狱
órdenes,命令
intento,尝试
isla,岛
salida,出口
llamó,打电话
volveré,我会回来
usa,使用
gato,猫
hagan,做
dejes,不要
duele,疼
vengan,来
crimen,犯罪
esperaba,期待
causa,原因
bar,酒吧
seré,我会是
ocho,八
temprano,早
río,河
relación,关系
drogas,毒品
luces,灯光
bromeando,开玩笑
ojalá,希望
hablamos,我们谈
trabaja,工作
irse,离开
libros,书
radio,收音机
vienes,你来
quedan,留下
excepto,除了
brazo,手臂
tome,拿
rojo,红色
conocido,熟悉
universidad,大学
investigación,研究
batalla,战斗
reglas,规则
cargo,职位
hogar,家
ninguno,没有
dieron,给了
vuelva,回来
sabías,你知道
respeto,尊重
estación,车站
corte,切割
paciente,病人
encuentro,遇见
energía,能量
dejado,留下
baile,舞蹈
abuela,奶奶
caliente,热
vieja,老
viendo,看
veremos,我们将看到
rayos,雷
simple,简单
bailar,跳舞
papa,土豆
triste,悲伤
zona,区域
serás,你将是
guardia,警卫
canción,歌曲
salud,健康
escuchar,听
parar,停止
estarás,你将会
cenar,晚餐
soldados,士兵
caballo,马
serán,他们将是
estaremos,我们将
interesa,感兴趣
volar,飞
principio,原则
nivel,水平
cálmate,冷静
conocer,认识
finalmente,最终
alegro,我高兴
debajo,下面
podrían,他们可能
bosque,森林
bonita,漂亮
bolsa,袋子
pone,放
taxi,出租车
ocupado,忙
amable,友好
acaso,也许
detente,停下
imbécil,傻瓜
san,圣
equivocado,错误的
viva,活着
puso,放置
obra,作品
consejo,建议
público,公众
ayúdame,帮我
animales,动物
azul,蓝色
apuesto,英俊
prisión,监狱
mirar,看
inteligente,聪明
metros,米
fantástico,奇妙
próximo,下一个
jugando,玩耍
ojo,眼睛
salga,出去
vea,看
llaman,他们叫
entrada,入口
duda,疑问
cerveza,啤酒
unidos,团结
matado,杀死
princesa,公主
perdí,我失去了
entender,理解
santa,圣
quedar,留下
miles,千
llamaré,我会打电话
compañero,伙伴
pensado,考虑
espalda,背部
dejé,我离开了
bomba,炸弹
cartas,卡片
apenas,几乎
leer,阅读
hermanos,兄弟
darme,给我
papi,爸爸
mantener,保持
suyo,你的
rico,富有
verla,看她
lee,读
sigues,你继续
toca,触碰
olvídalo,忘了它
acción,行动
hayas,你有
dioses,神
mando,指挥
dejaré,我会离开
llegue,到达
formas,方式
uh,呃
cierra,关上
damas,女士
puente,桥
memoria,记忆
regresa,返回
muévanse,移动
parecía,看起来
vestido,裙子
llaves,钥匙
tv,电视
camión,卡车
acabar,结束
robot,机器人
llevó,带走
montón,一堆
estuviste,你在
máquina,机器
puertas,门
podamos,我们可以
muere,死
trago,饮料
mayoría,大多数
reina,女王
lleno,满
inglés,英语
don,先生
soldado,士兵
estrella,星星
escuche,听
valor,价值
pido,我请求
delante,在前面
código,代码
héroe,英雄
fe,信仰
capaz,能够
verme,看见我
beber,喝
velocidad,速度
darte,给你
llevas,你带着
partido,比赛
estuviera,如果
dia,天
opinión,意见
irte,离开你
cocina,厨房
abrir,打开
perros,狗
tambien,也
sepa,知道
pareces,你看起来
escribir,写
golpe,打击
tenia,有
alta,高
estados,州
tocar,触摸
vuelvo,我回来
habían,曾经
ganas,渴望
hacerte,让你
dejo,我离开
volvió,回来了
ejemplo,例子
contar,数
tenían,他们有
propósito,目的
entiende,理解
empieza,开始
anillo,戒指
londres,伦敦
tendría,会
pedir,请求
estilo,风格
ayudarme,帮助我
pista,线索
cambiado,改变
escapar,逃跑
eeuu,美国
encontró,找到
espíritu,精神
viejos,老
molesta,烦恼
nota,笔记
diferencia,区别
tratar,尝试
precio,价格
caballero,骑士
sirve,服务
alegra,高兴
doble,双倍
agradable,愉快
embargo,禁令
tengan,他们有
tuvimos,我们有
sube,上升
estén,他们在
mami,妈妈
emergencia,紧急情况
cuello,脖子
boda,婚礼
aprender,学习
té,茶
informe,报告
blanca,白色
experiencia,经验
debía,应该
podido,能够
mentira,谎言
director,导演
mata,杀死
exacto,准确
déjalo,放下它
defensa,防御
tuviste,你有
confiar,信任
color,颜色
hacerle,给他做
aquel,那个
conocí,我认识
probar,尝试
príncipe,王子
irá,将去
despacio,慢
tiro,射击
vacaciones,假期
perdió,失去
fondo,底部
verde,绿色
parecen,看起来
mama,妈妈
bienvenida,欢迎
opción,选择
operación,手术
hablado,说过
traer,带来
principal,主要
demonio,恶魔
zapatos,鞋子
leo,狮子
respecto,关于
nuevos,新的
especie,物种
pidió,请求
éxito,成功
cabrón,混蛋
mírame,看着我
piernas,腿
unidad,单位
hielo,冰
llegamos,我们到了
déjeme,让我
debí,我应该
vendrá,将会来
matrimonio,婚姻
habías,你曾经
podrá,将能够
piel,皮肤
preocupa,担心
quedarme,留下来
mio,我的
tuviera,如果有
tiempos,时代
quienes,谁
oiga,听着
últimos,最后的
oigan,听着
fuimos,我们去了
arte,艺术
necesitaba,需要
quiénes,谁
común,共同
intentando,尝试
llevaré,我会带
levántate,站起来
correr,跑
brillante,明亮
calor,热
planes,计划
dra,女医生
visita,访问
presión,压力
pared,墙
esperanza,希望
completo,完整
subir,上升
cansado,疲惫
llame,打电话
recordar,记得
trampa,陷阱
monstruo,怪物
bajar,下降
pierna,腿
señores,先生们
tomó,拿走
pasará,将会发生
mataste,你杀了
grandioso,伟大的
socio,伙伴
herido,受伤的
cayó,掉落
fuerzas,力量
cine,电影院
escena,场景
tía,姑姑
dando,给予
puntos,点
teníamos,我们有
dejaste,你留下
muévete,动起来
larga,长的
solía,曾经
tema,主题
preparado,准备好的
depende,取决于
policías,警察
solos,单独
matarme,杀了我
pon,放
hubiese,如果有
bebe,婴儿
tanta,那么多
oeste,西
parís,巴黎
viento,风
jóvenes,年轻人
hacerme,让我
asiento,座位
estupendo,极好的
caminar,走
juicio,审判
creerlo,相信它
carga,负担
tranquila,安静的
banda,乐队
estarán,他们将会
animal,动物
escuchen,听
encontraron,他们找到了
dejas,你留下了
tarjeta,卡片
ibas,你去过
podrás,你将能够
nueve,九
seguramente,肯定
volverá,将会回来
majestad,陛下
llena,满的
caer,掉落
aeropuerto,机场
vayamos,我们去
acabado,结束
sigo,我继续
enorme,巨大的
área,区域
muevas,移动
haberlo,有它
dejen,让他们
ridículo,可笑
reloj,钟表
hagamos,我们做
flores,花
mapa,地图
culpable,有罪
cuentas,账单
pareja,伴侣
tomando,正在进行
laboratorio,实验室
beso,吻
empezó,开始
pedí,我请求
nariz,鼻子
cuestión,问题
terminó,结束
vengo,我来
perdona,对不起
acuerdas,你记得
verano,夏天
prefiero,我更喜欢
peso,重量
oscuridad,黑暗
diferentes,不同的
cliente,客户
cuántas,多少
televisión,电视
suya,她的
prensa,新闻
vistazo,一瞥
inmediatamente,立即
solamente,仅仅
gordo,胖子
quedarse,留下
posibilidad,可能性
medicina,医学
malditos,该死的
pantalones,裤子
mataron,杀了
ayude,帮助
podremos,我们可以
locos,疯狂
nombres,名字
parecer,看起来
américa,美洲
definitivamente,绝对
cinta,胶带
desea,希望
brazos,手臂
asuntos,事务
riesgo,风险
escuché,我听到
lugares,地方
cuento,故事
noticia,新闻
dígame,告诉我
decirlo,说出来
tonterías,废话
sentimientos,感情
objetivo,目标
pasada,过去
arreglar,修理
casado,已婚
bote,船
roja,红色
leyes,法律
millón,百万
árbol,树
hable,说话
proyecto,项目
nervioso,紧张
lana,羊毛
salido,出去
pedazo,一块
malas,坏的
joder,操
humana,人类
absolutamente,绝对
evitar,避免
corriendo,跑
bala,子弹
vosotros,你们
despues,之后
debido,由于
confianza,信任
especialmente,特别
intenta,尝试
pequeños,小的
paga,支付
ganado,赢得
ama,爱
limpio,干净
comenzar,开始
ángeles,天使
robots,机器人
lleve,带
ruido,噪音
preocupe,担心
belleza,美
salgan,出去
come,吃
verá,将会看到
deberían,应该
líder,领导
preguntar,询问
inocente,无辜
lástima,可惜
red,网
enfermedad,疾病
desgraciado,不幸
harán,将会
dientes,牙齿
maté,我杀了
central,中央
ponte,穿上
felices,快乐
supe,我知道
haberte,让你
marcha,进行
poderes,权力
hubieras,如果你
justicia,正义
bella,美丽
dé,给
proteger,保护
cabello,头发
pedido,订单
oscuro,黑暗
embarazada,怀孕
costa,海岸
dama,女士
alguno,某个
orgulloso,自豪
vos,你
tomado,喝
digamos,我们说
debió,应该
gana,欲望
cura,治疗
lengua,语言
araña,蜘蛛
podré,我能
voluntad,意志
total,总共
dedo,手指
pago,支付
agradezco,我感谢
partir,分开
lucha,斗争
leche,牛奶
diste,你给了
copa,杯子
quedarte,留下
seguros,保险
destruir,摧毁
bienvenidos,欢迎
llevan,他们带着
ponga,放
lados,边
acceso,访问
intentar,尝试
trajo,带来了
desastre,灾难
deber,责任
herida,伤口
débil,虚弱
naturaleza,自然
luchar,战斗
extraña,陌生
encontraste,你找到了
vieron,他们看见
llámame,给我打电话
imagen,图像
pan,面包
refieres,你指的是
clientes,客户
varios,各种
show,表演
auxilio,救命
oyes,你听见
siguen,他们继续
sentado,坐着
saliendo,离开
responsable,负责
olvidado,被遗忘
quedó,留下
permite,允许
aquella,那个
puse,放置
sonido,声音
quiso,想要
escrito,写的
carro,车
preciosa,珍贵
muestra,样本
bastardo,私生子
restaurante,餐厅
huevos,鸡蛋
fantasma,幽灵
mismos,相同
profesional,专业
amas,爱
entero,完整
películas,电影
cerrado,关闭
dedos,手指
sigan,继续
dueño,主人
cuchillo,刀
turno,轮班
tormenta,风暴
caray,天哪
abierto,打开
quede,留下
verdadera,真实
mato,杀
doc,文档
playa,海滩
km,公里
victoria,胜利
primo,表兄
oíste,你听到
lisa,光滑
interior,内部
hechos,事实
piedra,石头
jodido,该死
militar,军事
computadora,计算机
encantaría,会很高兴
siga,继续
silla,椅子
movimiento,运动
momentos,时刻
familiar,家庭的
apartamento,公寓
disparar,开火
tesoro,宝藏
perfecta,完美的
refiero,我指的是
motivo,原因
dará,将会
nuevas,新的
mr,先生
querer,想要
matarlo,杀了他
valiente,勇敢的
víctima,受害者
tendrán,他们将有
estúpida,愚蠢的
envió,发送
encantado,高兴的
diario,日报
abran,打开
sentí,我感到
autobús,公交车
traído,带来
casas,房子
apúrate,快点
encuentras,你找到
descanso,休息
sheriff,警长
mueve,移动
inglaterra,英格兰
quieto,安静
matarte,杀了你
calles,街道
tamaño,大小
colegio,学校
usando,使用
cabo,尾巴
video,视频
toques,触摸
pelota,球
yendo,去
directo,直接
termine,完成
vivos,活着
sombrero,帽子
tomé,我喝了
estudio,学习
grave,严重的
protección,保护
secretos,秘密
perdiendo,失去
pecho,胸部
sepas,知道
enferma,生病
cuesta,费用
negros,黑色
estrellas,星星
lago,湖
clases,课程
obviamente,显然
inmediato,立即
modos,方式
irás,你将去
robo,盗窃
mataré,我会杀
seria,严肃
apoyo,支持
cerrar,关闭
imagino,我想象
amenaza,威胁
toque,触摸
saca,拿出
viernes,星期五
hayan,有
roto,破碎
piloto,飞行员
marca,品牌
combate,战斗
hablé,我说过
manejar,驾驶
sección,部分
profundo,深
tantos,那么多
conocía,认识
serie,系列
contrato,合同
americano,美国的
paseo,散步
aviones,飞机
balas,子弹
repente,突然
cambia,改变
tropas,部队
llevará,将会带
uso,使用
pudiste,你能
detener,停止
sabia,知道
llegué,我到了
negra,黑色
decidido,决定的
comienza,开始
distancia,距离
éramos,我们曾是
murieron,他们死了
averiguar,查明
actuar,行动
quedo,我留下
pulso,脉搏
aguanta,坚持
oficiales,官员
llamaba,我叫
enemigos,敌人
saldrá,将会出去
preocupado,担心
elección,选择
sobrevivir,生存
bordo,边缘
sujeto,主题
pacientes,病人
disculpen,对不起
época,时代
entró,进入
pesar,尽管
habló,说
vender,卖
piensan,他们认为
ex,前
gratis,免费
desapareció,消失
empleo,工作
llamé,我打电话
conocen,他们认识
cerdo,猪
puedan,能够
comprendo,我理解
tomo,我喝
termina,结束
aléjate,远离
busco,我在找
contento,高兴
date,约会
tumba,坟墓
huellas,足迹
cuerpos,身体
absoluto,绝对
pide,请求
dura,坚硬
descansar,休息
respuestas,回答
propiedad,财产
llamando,打电话
dormido,睡着
castillo,城堡
china,中国
datos,数据
torre,塔
robar,偷
americanos,美国人
malos,坏的
botella,瓶子
aquellos,那些
últimamente,最近
testigo,证人
presento,我介绍
periódico,报纸
juez,法官
historias,故事
gustaba,喜欢
créeme,相信我
necesitar,需要
esquina,角落
millas,英里
llamadas,电话
fuente,源
conocemos,我们知道
techo,屋顶
genio,天才
alerta,警报
ideas,想法
tomas,拍摄
olvidar,忘记
menor,未成年人
droga,毒品
explicar,解释
abierta,开放
privado,私人
miembros,成员
nacional,国家
gustó,喜欢
discutir,讨论
evidencia,证据
detalles,细节
tardes,下午
tomaré,我会拿
presente,现在
criminal,罪犯
premio,奖
vuelvas,你回来
siéntese,请坐
viniste,你来了
recibir,接收
mires,你看
teniendo,拥有
huele,闻
hables,你说
guardias,警卫
enamorado,恋爱中的
cuidar,照顾
pocos,少数
perdone,原谅
natural,自然
caballos,马
escucho,我听
enfermera,护士
ángel,天使
sospechoso,可疑的
local,地方
mentiras,谎言
camisa,衬衫
confía,信任
aceptar,接受
venganza,复仇
perdimos,我们失去了
cuantos,多少
parque,公园
juegos,游戏
vives,你住
varias,几种
harías,你会做
menudo,细小的
déjenme,让我
barrio,社区
virus,病毒
talento,才能
ministro,部长
hiciera,如果
robó,偷了
conocerte,认识你
viviendo,生活
responsabilidad,责任
respira,呼吸
números,数字
pertenece,属于
desayuno,早餐
campeón,冠军
controlar,控制
maría,玛丽亚
nieve,雪
méxico,墨西哥
dias,天
vergüenza,羞愧
doctora,女医生
blancos,白色的
fumar,吸烟
llevamos,我们带着
europa,欧洲
dudo,我怀疑
pastel,蛋糕
quedas,你留下
cae,掉落
vimos,我们看见
recibido,收到
andando,走着
agentes,代理人
fueras,外面
asustado,害怕的
perdóname,原谅我
reino,王国
clave,钥匙
papeles,文件
matando,杀死
efecto,效果
plata,银
olvidé,我忘了
iban,他们去
universo,宇宙
política,政治
almuerzo,午餐
magia,魔法
lluvia,雨
humor,幽默
autos,汽车
veía,我看见
tantas,那么多
respirar,呼吸
cantar,唱歌
trabajas,你工作
disparo,射击
conversación,对话
olor,气味
asesinos,杀手
muchacha,女孩
modelo,模特
curso,课程
canal,频道
rock,摇滚
llorar,哭
borracho,醉汉
regresen,回来
váyanse,离开
sentía,感到
resultado,结果
parado,站着
olvides,忘记
mirada,目光
inútil,无用
acabas,你结束
ciencia,科学
perdiste,你失去了
sociedad,社会
regrese,回来
camioneta,小货车
coño,阴道
revista,杂志
pareció,似乎
montaña,山
maravillosa,美妙
dejarlo,放弃它
máximo,最大
echar,扔
corriente,电流
escuchando,听着
disculpas,道歉
cadáver,尸体
seguimos,我们继续
ron,朗姆酒
espectáculo,表演
mundial,世界
francia,法国
decirles,告诉他们
aspecto,外观
presencia,存在
famoso,著名
corto,短
relájate,放松
poderoso,强大
recuerdos,回忆
llego,我到了
carretera,公路
pasé,我经过
oigo,我听到
esperamos,我们期待
escuchado,听过
cable,电缆
rosa,玫瑰
bola,球
oferta,优惠
intentarlo,尝试
habido,发生
continuar,继续
ladrón,小偷
humanidad,人类
estómago,胃
entera,完整
contó,讲述
poniendo,放置
mercado,市场
granja,农场
idiotas,傻瓜
hablemos,我们谈谈
estudiante,学生
siglo,世纪
relaciones,关系
hablan,他们说
nosotras,我们
miembro,成员
fortuna,财富
libres,自由
acciones,行动
esperas,等待
suficientemente,足够
llevaron,带走
ocurrido,发生
andar,走
perfectamente,完美
pasan,经过
jardín,花园
cola,尾巴
resultados,结果
francés,法语
troya,特洛伊
tercera,第三
entrenamiento,训练
azúcar,糖
metido,放入
ayudarlo,帮助他
diles,告诉他们
coger,拿
lunes,星期一
ey,嘿
intención,意图
volviendo,返回
efectivo,有效
salgamos,我们出去
preguntaba,问
olvida,忘记
helicóptero,直升机
fuertes,强壮的
encantador,迷人的
original,原创的
cadena,链条
tarea,任务
dispara,射击
corta,短的
compañeros,同伴
cirugía,手术
quítate,脱掉
querían,他们想要
precioso,珍贵的
lord,领主
comenzó,开始
truco,把戏
inspector,检查员
enojado,生气的
felicidades,祝贺
desaparecido,失踪的
acto,行为
pollo,鸡
chocolate,巧克力
adonde,哪里
resulta,结果
merece,值得
gas,气体
examen,考试
vean,看
tonta,傻的
importantes,重要的
apuesta,赌注
directamente,直接
recuperar,恢复
pongo,我放
llegaron,他们到达
cobarde,懦夫
cantidad,数量
sucio,脏的
habia,有
emperador,皇帝
mono,猴子
encontraremos,我们会找到
disparen,开火
gloria,荣耀
contrario,相反
socorro,救命
sir,先生
escaleras,楼梯
pasos,步骤
nuevamente,再次
derechos,权利
obtener,获得
guste,喜欢
búsqueda,搜索
helado,冰淇淋
fútbol,足球
sexual,性
polvo,粉尘
aseguro,确保
rostro,面孔
robado,被盗
policia,警察
empresa,公司
escuchas,听
pones,放
lárgate,滚开
interés,兴趣
discúlpeme,对不起
dejaron,他们离开了
tengamos,我们有
firma,签名
llevaba,带着
llegas,你到达
cristo,基督
tercer,第三
senador,参议员
continúa,继续
gracia,优雅
cien,一百
des,去
tratado,条约
razones,理由
caminando,走路
urgencias,紧急
u,或
esperan,他们等待
muñeca,玩偶
firme,坚定
duerme,睡觉
ambulancia,救护车
limpia,干净
habéis,你们有
flota,漂浮
leyenda,传说
encuentre,找到
fué,是
romper,打破
muriendo,正在死去
encontrarlo,找到它
rescate,救援
quedado,留下
enfrente,在前面
comienzo,开始
árboles,树
queso,奶酪
favorito,最喜欢
haberme,让我
frontera,边界
creemos,我们相信
colega,同事
jueves,星期四
alemanes,德国人
sábado,星期六
limpiar,清理
puto,混蛋
poquito,一点点
cientos,几百
muero,我死
irak,伊拉克
inteligencia,智慧
funcionar,运作
felicitaciones,祝贺
escapó,逃跑
criatura,生物
milagro,奇迹
deprisa,快
especiales,特别
campamento,营地
responde,回答
escuchaste,你听到了吗
debiste,你应该
adios,再见
viven,他们生活
recoger,收集
preguntarte,问你
compras,购物
cansada,疲惫
elegir,选择
cáncer,癌症
servir,服务
pata,腿
huir,逃跑
útil,有用
grados,度数
atacar,攻击
recién,刚刚
querría,我想
guapo,帅
alcance,范围
dejame,让我
quedamos,我们约好
llegará,将会到达
seremos,我们将会
desierto,沙漠
licencia,许可证
trató,尝试
proceso,过程
llevado,带走
durmiendo,正在睡觉
tensión,紧张
martes,星期二
kilómetros,公里
cartera,钱包
tráfico,交通
guarda,保安
impresionante,令人印象深刻
víctimas,受害者
ricos,富人
primeros,第一
dejamos,我们离开
tomen,拿去
iguales,相同
domingo,星期天
crear,创造
quedará,将会留下
pérdida,损失
extra,额外
fuese,如果
confío,我相信
sabido,已知
análisis,分析
llegaste,你到达了
fría,冷
violencia,暴力
mate,马黛茶
lobo,狼
discurso,演讲
actor,演员
orgullo,骄傲
odia,恨
libras,磅
alli,那里
agencia,机构
vuelvan,他们回来
necesidad,需要
naves,船只
descubrir,发现
tira,扔
resolver,解决
pondré,我会放置
volando,飞行
pensamos,我们想
míos,我的
errores,错误
celular,手机
cuantas,多少
verlos,看他们
ayudarle,帮助您
meter,放入
hablaré,我会说
ésto,这个
buscas,你在找
equivocada,错误的
dejan,离开
vacío,空的
trabajaba,我在工作
salón,客厅
motor,发动机
conducir,驾驶
compré,我买了
quizas,也许
den,给
cerrada,关闭
cortar,切
crea,创造
sera,将会
mueva,移动
hazme,让我
bravo,好样的
pregunté,我问
promesa,承诺
espejo,镜子
dígale,告诉他
sienta,坐
médicos,医生
cero,零
escribió,写了
volveremos,我们会回来
unidades,单位
cheque,支票
consigue,得到
antiguo,古老的
regla,规则
pesadilla,噩梦
enviar,发送
podías,你能
llevarte,带走你
entrenador,教练
cuida,照顾
paciencia,耐心
dilo,说
levanta,举起
complicado,复杂的
superior,上级
sugiero,我建议
familias,家庭
dirá,将会说
pienses,你想
temporada,季节
suelta,放开
corran,跑
propios,自己的
feo,丑陋
dispuesto,愿意
ayúdenme,帮我
teoría,理论
salvaje,野生
negativo,负面
íbamos,我们去
hubieran,他们会有
tripulación,船员
taza,杯子
perdida,失去
vinieron,他们来了
ponen,放
pasamos,我们度过
parecido,相似
acepto,我接受
gay,同性恋
señoras,女士们
quedaré,我会留下
parada,停
niñas,女孩
conseguí,我得到了
acabamos,我们结束
normalmente,通常
muchísimo,非常多
bruja,女巫
vegas,赌城
tuvieron,他们有
traigo,我带来
matará,将会杀
funeral,葬礼
conseguiste,你得到了
teatro,剧院
medianoche,午夜
biblioteca,图书馆
estemos,我们在
túnel,隧道
encargo,委托
aparece,出现
testigos,证人
pensó,想
fueran,他们是
fantasmas,鬼魂
correo,邮件
vuestro,你们的
piscina,游泳池
paquete,包裹
copia,副本
suicidio,自杀
crédito,信用
consigo,和我在一起
vuestra,你们的
rara,稀有
legal,合法
hablaremos,我们会谈
cambió,改变
solas,单独
salimos,我们出去
ganador,赢家
estudiantes,学生
despierto,清醒
pare,父母
invitado,客人
guía,指南
oso,熊
leí,我读
explosión,爆炸
dejarme,让我离开
chino,中文
sorprende,惊讶
sistemas,系统
nación,国家
entienden,理解
arena,沙子
mentiroso,骗子
hablaba,我说
veas,你看到
pura,纯粹
asesinado,被杀
mintiendo,撒谎
casos,案例
vehículo,车辆
rata,老鼠
importancia,重要性
distinto,不同
pintura,绘画
intenté,我尝试
conciencia,意识
miras,你看
máquinas,机器
traeré,我会带来
revisar,检查
veinte,二十
seres,生物
hablarle,跟他说
disco,唱片
transporte,运输
mina,矿
labios,嘴唇
señoría,阁下
llamamos,我们打电话
doce,十二
cuídate,保重
pasillo,走廊
tele,电视
podria,可以
completa,完整
rápida,快速
precisamente,确切地
llamaste,你打电话了
cumplir,完成
servicios,服务
señales,信号
acaban,结束
suéltame,放开我
hablarte,跟你说
traté,我尝试了
pescado,鱼
huesos,骨头
daría,会给
compra,购买
trajiste,你带来了
templo,寺庙
placa,牌子
posibilidades,可能性
ira,愤怒
vengas,你来
siguiendo,继续
podrán,他们能
llamarme,打电话给我
cierta,某种
permitir,允许
condiciones,条件
atrapar,抓住
temperatura,温度
explicación,解释
enviado,发送
contado,计算
asistente,助手
imperio,帝国
pidiendo,请求
notas,笔记
curioso,好奇
operaciones,操作
mantén,保持
tierras,土地
creas,创造
pez,鱼
morirá,将死
visión,视野
montañas,山脉
comido,吃过
construir,建造
comunidad,社区
verán,将看到
pierde,失去
piense,思考
felicidad,幸福
diversión,乐趣
salvó,拯救
quita,去掉
museo,博物馆
disparó,开枪
desearía,我希望
misterio,谜
buscamos,我们寻找
aviso,通知
almirante,海军上将
solución,解决方案
pequeñas,小的
faltan,缺少
existen,存在
combustible,燃料
leído,已读
tirar,扔
responder,回答
esfuerzo,努力
vuelves,你回来
pájaro,鸟
hermanas,姐妹
guerrero,战士
esposas,妻子
coma,昏迷
abra,打开
traes,你带来
sientas,你坐
olvide,我忘记
bolsillo,口袋
heridas,伤口
saco,袋子
gasolina,汽油
conexión,连接
correcta,正确
pedazos,片段
líneas,线路
estarías,你会
convierte,转变
ayudará,将帮助
rumbo,方向
rompió,打破
muera,死去
mia,我的
material,材料
diamantes,钻石
rápidamente,快速地
mírate,看看自己
fecha,日期
escritorio,桌子
digan,说
registro,登记
maten,杀死
incendio,火灾
deme,给我
sois,你们是
pensamientos,思想
dímelo,告诉我
comiendo,吃着
aparte,另外
asesinatos,谋杀
lección,课
algun,某个
abrigo,外套
tratamiento,治疗
julio,七月
pene,阴茎
conejo,兔子
suceder,发生
ruta,路线
ciego,盲人
asqueroso,恶心
súper,超级
prisionero,囚犯
odie,讨厌
ocupada,忙碌
llevarlo,带走
empezamos,我们开始
estuvimos,我们在
decírselo,告诉他/她
honesto,诚实的
entrevista,采访
antigua,古老的
amante,爱人
humo,烟
gustas,喜欢
condado,县
conseguido,获得
viajar,旅行
sombra,阴影
sabrá,将会知道
refiere,提到
lío,麻烦
estáis,你们在
entrega,交付
drácula,德古拉
compartir,分享
volvamos,我们回去
sonrisa,微笑
sencillo,简单的
atrapado,被困
aburrido,无聊的
pocas,少数
pensaste,你想过
dragón,龙
volví,我回来了
planta,植物
clima,气候
adoro,我爱
suave,柔软的
ruso,俄罗斯的
rodillas,膝盖
marina,海洋的
bolso,包
alarma,警报
vivía,住
quédese,请留步
recompensa,奖励
juega,玩
cigarrillo,香烟
autoridad,权威
amigas,朋友们
agujero,洞
acabe,结束
sacaste,你拿走了
orgullosa,自豪的
entendí,我明白了
dijera,他说
sótano,地下室
paredes,墙壁
guapa,漂亮
iría,我会去
imaginar,想象
fiebre,发烧
déjala,让她走
botón,按钮
preguntarle,问他
leyendo,阅读
darles,给他们
uniforme,制服
dulces,糖果
vaso,杯子
documentos,文件
ruego,请求
maneras,方式
invitados,客人
cómodo,舒适
ayudarnos,帮助我们
visitar,访问
vigilancia,监视
nadar,游泳
altura,高度
todavia,还
preparados,准备好
cuáles,哪些
mover,移动
jugador,玩家
izquierdo,左边
tecnología,技术
raza,种族
conocerlo,认识他
conde,伯爵
social,社会
gobernador,州长
coge,拿
cubierta,封面
chiste,笑话
celda,牢房
agarra,抓住
secreta,秘密
personalmente,亲自
amistad,友谊
amaba,爱过
nació,出生
interesado,感兴趣
intentado,尝试过
educación,教育
curiosidad,好奇心
buscan,寻找
repito,我重复
pecado,罪
mortal,致命的
manda,命令
claramente,清楚地
vía,道路
juntas,一起
identificación,身份证
dirige,指挥
declaración,声明
alemán,德语
tontos,傻瓜
mantiene,保持
bestia,野兽
veneno,毒药
vecinos,邻居
supiera,知道
quieran,想要
salgo,我出去
propias,自己的
privada,私人
jurado,陪审团
golpes,打击
usan,使用
metas,目标
garganta,喉咙
invierno,冬天
fila,排
miel,蜂蜜
traigan,带来
sucedido,发生
tranquilos,安静
madera,木头
burro,驴
artista,艺术家
pobres,穷人
impresión,印象
ganó,赢得
cruzar,穿越
cigarrillos,香烟
ó,或
llevarme,带我
grial,圣杯
chaqueta,夹克
alcalde,市长
vueltas,转
usado,使用过的
reputación,声誉
pongas,放置
oxígeno,氧气
cajas,盒子
preocupada,担忧的
matan,杀
empezando,开始
cabezas,头
ponerme,让我
experto,专家
océano,海洋
maestra,女教师
pieza,件
cargos,职位
bombas,炸弹
alcohol,酒精
trataba,尝试
salen,出去
pizza,比萨
recibí,我收到了
junta,会议
criaturas,生物
apareció,出现
actitud,态度
gira,转
cristal,水晶
encuentran,找到
dejarte,让你
caído,掉落
ultima,最后
sensación,感觉
seguido,跟随
puro,纯
whisky,威士忌
vernos,见面
pantalla,屏幕
bebida,饮料
estudiar,学习
ducha,淋浴
despedido,解雇
consiguió,获得
venía,来
pagan,支付
discúlpame,对不起
artículo,文章
aparentemente,显然
ambas,两者
trauma,创伤
pusieron,放置
fiestas,派对
contesta,回答
contenta,高兴
ambiente,环境
prometí,我承诺
llegando,到达
mostraré,我会展示
deba,应该
berlín,柏林
nerviosa,紧张的
hallar,发现
dudas,疑问
llegan,到达
instrucciones,指示
baje,下去
vinimos,我们来了
ritmo,节奏
quédense,留下
suponía,我认为
pistas,线索
palacio,宫殿
encontraré,我会找到
venta,销售
urgente,紧急
tomamos,我们喝了
salí,我出去了
cuerda,绳子
vendría,会来
pasaba,经过
instante,瞬间
almas,灵魂
suficientes,足够的
secundaria,中学
saltar,跳
queria,想要
quedarnos,我们留下
molesto,烦恼
colina,山丘
porquería,垃圾
sienten,感到
pondrá,将放置
terroristas,恐怖分子
empecé,我开始
pongan,放置
moto,摩托
opinas,你认为
habilidad,能力
entren,进入
descubierto,发现
convertido,转变
asegúrate,确保
quedé,我留下
kilos,公斤
florida,佛罗里达
tomará,将会
sufrir,遭受
mental,心理的
lograr,实现
instituto,学院
serlo,成为它
rapido,快速
plato,盘子
llorando,哭泣
vd,您
váyase,离开
sucediendo,发生
robaron,抢劫
alemania,德国
bolas,球
pasaría,会发生
ocurra,发生
ilegal,非法
fresco,新鲜
falso,虚假
abogados,律师
tómalo,拿着
mandó,发送
cuán,多么
cuales,哪些
botas,靴子
tiburones,鲨鱼
grado,等级
deseas,你想要
archivos,档案
adivina,猜
cruz,十字架
campaña,运动
asustada,害怕的
centavos,美分
vivimos,我们生活
galletas,饼干
frecuencia,频率
daños,损害
minas,矿
emociones,情感
dejará,将离开
regresó,返回
ratas,老鼠
pasión,激情
hacerse,变得
comportamiento,行为
pense,我想
conocimiento,知识
sales,盐
fiscal,财政
decisiones,决定
criminales,罪犯
cámaras,相机
amanecer,黎明
convirtió,变成
aldea,村庄
abandonar,放弃
obvio,明显
habíamos,我们曾经
apesta,臭
abandonado,被遗弃
volverás,你会回来
preocuparse,担心
favorita,最喜欢的
lanzamiento,发布
difíciles,困难
vivido,生活过
roca,岩石
peces,鱼
maravilla,奇迹
espacial,太空的
conductor,司机
camarada,战友
trabajado,工作过
caramba,天哪
sopa,汤
numero,数字
gritar,喊
envía,发送
casino,赌场
alteza,殿下
identidad,身份
cambios,变化
guardar,保存
gatos,猫
gané,我赢了
arresto,逮捕
éstas,这些
preguntó,问
éstos,这些
probable,可能
seamos,让我们
importaría,会在意
firmar,签署
federal,联邦
caras,脸
trabajos,工作
hagámoslo,让我们做吧
expediente,档案
tigre,老虎
intentó,尝试
harto,厌倦
decidir,决定
periódicos,报纸
casarse,结婚
lento,慢
hecha,做的
daba,给
ponerte,让你
pelotas,球
monstruos,怪物
cruel,残忍
señoritas,小姐们
gigante,巨人
siglos,世纪
escalera,楼梯
incidente,事件
escenario,场景
dirás,你会说
ciertas,某些
casar,结婚
llamen,打电话
biblia,圣经
reporte,报告
moda,时尚
casada,已婚
reacción,反应
falla,失败
castigo,惩罚
fácilmente,轻易
caza,狩猎
magnífico,宏伟
decidí,我决定
camina,走
superficie,表面
procedimiento,程序
condición,条件
asalto,袭击
virgen,处女
verle,看见他
conocimos,我们认识
quitar,去掉
tratas,你对待
noble,高贵
hierba,草
excelencia,卓越
asco,厌恶
título,标题
regresaré,我会回来
ejercicio,锻炼
pasaporte,护照
extraños,陌生人
ciento,一百
afortunado,幸运的
sacó,拿出
irán,他们将去
sacerdote,牧师
pedirle,请求
impuestos,税
crisis,危机
aventura,冒险
puestos,职位
pánico,恐慌
llames,打电话
ladrones,小偷
enseñó,教导
logramos,我们成功了
estuvieron,他们在
últimas,最后的
página,页面
metro,地铁
alla,那里
pudieron,他们能够
mostrar,展示
escribe,写
ventaja,优势
enamorada,恋爱中的
gorda,胖的
vendrán,他们将来
paren,停下
piedras,石头
pesado,沉重的
despertar,醒来
pierdes,你失去
jesucristo,耶稣基督
damos,我们给
treinta,三十
recuerde,记住
capacidad,能力
soportar,忍受
senado,参议院
decidió,决定
prepárense,准备好
asusta,吓到
aquello,那个
aguantar,忍耐
aprendí,我学会了
tenéis,你们有
parezca,看起来
alegría,快乐
territorio,领土
física,物理
escape,逃脱
tomes,你们拿
excusa,借口
estudios,研究
septiembre,九月
personaje,角色
fábrica,工厂
elegido,被选中
cole,学校
tanque,坦克
salta,跳
hablaste,你说过
conferencia,会议
compromiso,承诺
ayudaré,我会帮助
salieron,他们离开
rusos,俄罗斯人
parezco,我看起来
llevando,正在带
exterior,外部
punta,尖端
ponerse,穿上
pasen,通过
puerto,港口
decírtelo,告诉你
caro,贵
asombroso,惊人
pasara,发生
matarán,他们会杀
maleta,行李
competencia,竞争
canciones,歌曲
cinturón,腰带
papas,土豆
marco,框架
destrucción,毁灭
paraíso,天堂
meta,目标
alternativa,替代
socios,伙伴
alas,翅膀
ocasión,机会
casarme,结婚
salsa,酱
romano,罗马人
prisioneros,囚犯
encantan,喜欢
encantadora,迷人
comercial,商业
primavera,春天
metió,放入
volvemos,我们回来
mandar,发送
luce,看起来
sagrado,神圣
nacido,出生
fabuloso,极好的
echo,回声
desaparecer,消失
potencia,力量
adn,DNA
traiga,带来
permítame,请允许我
mayores,更大
regalos,礼物
pusiste,你放了
peligrosa,危险的
militares,军人
jodida,该死
coincidencia,巧合
bandera,旗帜
adivinar,猜测
tubo,管子
partida,出发
opciones,选项
llamaron,他们打电话
hombro,肩膀
vampiros,吸血鬼
sabían,他们知道
recibió,收到
jugadores,玩家
celebrar,庆祝
armario,衣柜
tetas,胸部
paliza,殴打
sabor,味道
míralo,看看它
lata,罐头
héroes,英雄
serpiente,蛇
escribí,我写了
comité,委员会
bendiga,祝福
terminé,我完成了
oyó,听到
imaginación,想象力
funcionó,运作
bello,美丽
hígado,肝脏
cierre,关闭
cabina,舱
queríamos,我们想要
pasas,葡萄干
mantente,保持
japón,日本
deseos,愿望
cuéntame,告诉我
rastro,痕迹
compró,买了
anterior,之前
acero,钢
desnudo,裸体
comisario,专员
refuerzos,增援
preparar,准备
perdidos,失踪
pagaré,借据
huevo,鸡蛋
entrando,进入
armada,军队
trate,尝试
supo,知道
bromeas,开玩笑
verdaderamente,确实
miro,看
límite,限制
esperemos,希望
sacado,取出
diamante,钻石
secuestro,绑架
casco,头盔
ayudó,帮助
nene,宝宝
marcas,品牌
pudieras,你能
poca,少
jugo,果汁
heridos,受伤者
congreso,国会
cementerio,墓地
prostituta,妓女
desaparece,消失
consecuencias,后果
terreno,土地
salvado,救出
mueren,死亡
igualmente,同样
ganamos,我们赢了
circunstancias,情况
trabajamos,我们工作
amén,阿门
funcionando,运作
personalidad,个性
muro,墙
contestar,回答
razon,理由
peores,更糟
particular,特别
llévame,带我
gimnasio,健身房
emocionante,激动人心
desgracia,不幸
científico,科学家
buscado,被寻找
terapia,治疗
prepara,准备
patrulla,巡逻
globo,气球
despejado,晴朗
creado,创造
aprendido,学会
nací,我出生
embajador,大使
barcos,船
posiblemente,可能
malvado,邪恶
dormitorio,卧室
despacho,办公室
desagradable,令人不快
viniendo,来
recibo,收据
nuclear,核
mensajes,信息
mantengan,保持
ultimo,最后
autoridades,当局
quedes,留下
pasaron,经过
gano,赢得
ayudo,帮助
aprecio,欣赏
sentimiento,感觉
popular,流行
extrañas,奇怪
detenerlo,阻止它
civiles,平民
tontería,愚蠢
reyes,国王
americana,美式夹克
vuelven,他们回来
ventanas,窗户
tiburón,鲨鱼
peleas,打斗
organización,组织
ayudarla,帮助她
tuvieras,你有
querrás,你会想要
querrá,他/她会想要
infección,感染
decente,体面
logrado,实现
jersey,毛衣
amar,爱
equipos,团队
canta,唱
bebés,婴儿
pozo,井
india,印度
esperado,期待
enseñar,教
darnos,给我们
tomaste,你拿了
internet,互联网
habilidades,技能
encanto,魅力
dispararon,开枪
comprendes,你理解
áfrica,非洲
adorable,可爱的
rica,富有
llegaremos,我们会到达
reales,真实的
mismas,相同的
medios,媒体
marihuana,大麻
traidor,叛徒
funcione,运作
clínica,诊所
preferiría,我会更喜欢
podían,他们可以
olvidó,忘记
entramos,我们进入
ejercito,军队
división,分裂
sector,部门
perdedor,失败者
patrón,模式
encontrará,他/她会找到
crema,奶油
planeado,计划的
mantenga,保持
juguete,玩具
técnica,技术
nacimiento,出生
esperaré,我会等待
termino,术语
matas,草
entrado,进入
destruido,被毁坏
daremos,我们将给
circo,马戏团
ascensor,电梯
aca,这里
investigar,调查
encuentren,找到
archivo,档案
salve,拯救
presentar,介绍
logro,成就
intentas,你尝试
encargaré,我会委托
armado,武装
apuestas,赌注
arrestado,被逮捕
unión,联盟
permanecer,保持
muéstrame,给我看看
móvil,移动的
dificil,困难
casados,已婚
cañón,炮
tribunal,法庭
sepan,知道
satélite,卫星
recuerden,记住
intentaré,我会尝试
falsa,假的
coca,可乐
símbolo,符号
rocas,岩石
putas,妓女
pendejo,混蛋
mátalo,杀了他
judío,犹太人
estando,在
subtítulos,字幕
gritando,尖叫
dejemos,让我们离开
científicos,科学家
bebiendo,喝
saque,罚球
metal,金属
despedida,告别
golf,高尔夫
empiece,开始
defender,捍卫
crecer,成长
rota,破碎
sentimos,我们感到
guerreros,战士
echa,扔
comunicación,沟通
probado,测试
pensarlo,考虑它
háblame,跟我说
detenido,被拘留
sabría,会知道
muertes,死亡
movimientos,运动
prohibido,禁止
pájaros,鸟
cargar,加载
podíamos,我们可以
junior,初级
imágenes,图像
haberse,发生过
acusado,被指控
peleando,打斗
lealtad,忠诚
considera,考虑
cazador,猎人
buscarlo,寻找它
apaga,关掉
objeto,物体
sofá,沙发
personales,个人的
homicidio,谋杀
electricidad,电
advertencia,警告
rumores,谣言
mentir,撒谎
fíjate,注意
deuda,债务
celoso,嫉妒
bicicleta,自行车
azules,蓝色的
visitas,访问
mejorar,改善
escudo,盾牌
cueva,洞穴
aérea,空中
levantar,举起
juguetes,玩具
ciertamente,确实
bajen,下降
temas,主题
pedirte,请求你
elegante,优雅
divorcio,离婚
depósito,存款
concierto,音乐会
calla,安静
transmisión,传输
mataría,会杀
flor,花
viejas,旧的
trabajan,工作
onda,波
saldremos,我们将出去
preguntado,询问过
aliento,呼吸
academia,学院
sonar,响
recibe,接收
patio,院子
función,功能
conduce,驾驶
pregúntale,问他
palo,棍子
internacional,国际
hueso,骨头
esclavos,奴隶
versión,版本
sacrificio,牺牲
judíos,犹太人
increible,不可思议
fotografía,摄影
delicioso,美味
crímenes,犯罪
zorra,狐狸
valle,山谷
llevaremos,我们将带走
lentamente,慢慢地
encantada,高兴
arreglo,安排
volvería,会回来
logró,成功
romántico,浪漫
preocuparte,担心你
olvido,遗忘
fascinante,迷人
cuadro,画
creyó,相信
adultos,成年人
wow,哇
sobrino,侄子
secuencia,序列
lleven,带走
huh,哈
entradas,门票
decirnos,告诉我们
resistencia,抵抗
llamarlo,叫他
ayudas,帮助
esperanzas,希望
disponible,可用
civil,公民
caos,混乱
velas,蜡烛
tenerlo,拥有它
ponerle,给他
muestras,样本
lógica,逻辑
casualidad,偶然
sigamos,继续
rayo,闪电
pato,鸭子
pagado,已支付
máscara,面具
gustado,喜欢
buscarte,找你
selva,丛林
pm,下午
equivoqué,搞错了
condenado,被判刑
cometido,犯下
tratan,他们试图
pudimos,我们能
preguntando,询问
tragedia,悲剧
poli,警察
compañías,公司
charla,谈话
mete,放
malditas,该死的
campos,田野
cadáveres,尸体
básicamente,基本上
vamonos,我们走吧
trucos,把戏
preparada,准备好的
funcionará,会起作用
conté,我讲述
contando,正在讲述
construcción,建筑
ciudadanos,公民
agarrar,抓住
infeliz,不快乐
francesa,法国的
explica,解释
decide,决定
vende,卖
rutina,日常
gustar,喜欢
empieces,开始
caída,下降
almorzar,午餐
actividad,活动
inocentes,无辜的
fondos,资金
coraje,勇气
ayudando,帮助
aterrizar,着陆
actuación,表演
suba,上升
ayudante,助手
vuela,飞
vaca,牛
cirujano,外科医生
tio,叔叔
olvídate,忘记
okay,好的
entregar,交付
encerrado,被关起来
rubia,金发
joyas,珠宝
empecemos,让我们开始
amado,爱人
terminamos,我们完成
romanos,罗马人
piedad,怜悯
llamarte,给你打电话
hacían,他们做
furia,愤怒
detalle,细节
admitir,承认
tendrías,你会有
respiración,呼吸
prepárate,准备
escribiendo,写作
confundido,困惑
vigilando,监视
sufrimiento,痛苦
saludos,问候
robaste,你偷了
golpear,打击
garaje,车库
buscaré,我会寻找
revolución,革命
motel,汽车旅馆
buscaba,我在寻找
alianza,联盟
estupidez,愚蠢
disparado,开枪
sangrando,流血
quietos,安静
miserable,可怜
ideal,理想
empiezo,开始
controla,控制
prometiste,你承诺了
heroína,女英雄
empezado,开始了
dámelo,给我
vecindario,邻里
empleado,员工
conociste,你认识
colores,颜色
cerebral,大脑的
plástico,塑料
piano,钢琴
pensamiento,思维
letra,歌词
empleados,员工们
dosis,剂量
dólar,美元
agrada,喜欢
tocado,触碰
tíos,叔叔
super,超级
rifle,步枪
renunciar,辞职
incluyendo,包括
hoyo,洞
español,西班牙语
acepta,接受
rueda,轮子
municiones,弹药
ciudades,城市
béisbol,棒球
regresado,返回
pediste,你请求了
ja,哈
sesión,会议
comprender,理解
tocando,触摸
montar,骑
familiares,亲属
espía,间谍
efectos,效果
salto,跳跃
pagó,支付
impacto,影响
emoción,情感
disparos,射击
comando,指挥
autorización,授权
informes,报告
honestamente,诚实地
existencia,存在
demasiada,太多
coches,汽车
clara,清晰
alcanzar,达到
volviste,你回来了
octubre,十月
conseguimos,我们得到了
barato,便宜
apostar,下注
requiere,需要
importan,重要
grano,谷物
demasiados,太多了
casarte,结婚
tráeme,给我带来
progreso,进步
odias,你讨厌
ocurrir,发生
hacías,你做过
serías,你会是
secretario,秘书
rusia,俄罗斯
piénsalo,想想它
gatito,小猫
déme,给我
colección,收藏
vais,你们去
sufrido,受苦
ningun,没有
helena,海伦娜
terror,恐怖
salva,拯救
salgas,你离开
sacarte,把你带走
lanza,矛
usó,使用
quince,十五
prometido,承诺的
preciso,精确
pirata,海盗
moral,道德
moneda,货币
haberle,告诉他
estuvieras,如果你在
dijimos,我们说
cayendo,正在坠落
bajas,伤亡
viniera,如果来
soñando,做梦
servirá,将会有用
moscú,莫斯科
mínimo,最小
hermosas,美丽的
escondido,隐藏
demostrar,证明
perrito,小狗
intente,尝试
habrán,将会有
experimento,实验
espaldas,背部
diseño,设计
barra,条
anciano,老人
alfombra,地毯
actriz,女演员
tono,音调
sentarse,坐下
remedio,药
listas,列表
gris,灰色
enviaron,他们发送
entendiste,你理解
disfrutar,享受
contaré,我会讲
comen,吃
sentada,坐着
pregunte,问
japonés,日本的
gritos,尖叫
dolares,美元
asegurarme,确保我
restos,残余
pierdo,我失去
motivos,理由
dimos,我们给了
campeonato,锦标赛
apúrense,快点
unico,唯一
reír,笑
prima,表妹
maricón,同性恋者
actúa,行动
periodista,记者
luchando,奋斗
estelar,明星
escritor,作家
encontrarás,你会找到
dejando,离开
adecuado,合适
terrorista,恐怖分子
hierro,铁
enterrado,埋藏
sincero,真诚
representa,代表
positivo,积极
mereces,你值得
italia,意大利
fea,丑陋
acerques,靠近
petróleo,石油
encargado,负责人
capítulo,章节
enseñaré,我会教你
cuentos,故事
breve,简短
atreves,你敢
súbete,上车
sed,口渴
patético,可悲
mostrarte,给你看
doctores,医生
carácter,性格
tuyos,你的
plaza,广场
obispo,主教
necesite,我需要
muevan,移动
involucrado,参与的
darán,将会给
ingleses,英国人
usas,你使用
ruedas,轮子
prácticamente,几乎
orejas,耳朵
golpeó,打击
costado,侧面
conducta,行为
toman,他们喝
suban,上升
médica,医生
manzana,苹果
escuadrón,中队
reconozco,我承认
ordenes,命令
gallina,母鸡
cambiando,正在改变
borde,边缘
ataques,攻击
actual,当前
pecados,罪恶
invito,我邀请
inconsciente,无意识
bastardos,混蛋
abrió,打开
oyeron,他们听到
intentaba,试图
cuartel,营地
consciente,意识到
tranquilízate,冷静下来
suyos,他们的
residencia,住所
máxima,最大
llevarla,带她
grasa,脂肪
células,细胞
retrocedan,后退
recepción,接待
medicinas,药物
explotar,爆炸
corona,王冠
callate,闭嘴
calidad,质量
ayúdeme,帮我
asesina,杀手
absurdo,荒谬
revés,反面
producto,产品
encontrarla,找到她
dj,DJ
descansa,休息
copias,复印
apagar,关掉
profesionales,专业人士
práctica,实践
investigando,调查
francamente,坦率地
afganistán,阿富汗
vecino,邻居
trozo,一块
tómate,喝吧
tercero,第三
sirven,服务
saquen,拿出
manual,手册
enciende,打开
cercano,附近
bailando,跳舞
atras,后面
usarlo,使用它
telefono,电话
registros,记录
ponlo,放它
pasta,意大利面
lleguen,到达
saliste,你离开了
sabrás,你会知道
limpieza,清洁
estadounidense,美国的
enojada,生气的
desafortunadamente,不幸的是
conoció,认识
pinta,涂
matamos,我们杀了
funcionan,运作
cocinar,烹饪
cima,顶峰
atractivo,吸引人的
preguntes,问
necesitaré,我需要
lleguemos,我们到达
interrumpir,打断
haberla,有她
apropiado,合适的
presentimiento,预感
intentamos,我们尝试
finales,最后
evitarlo,避免它
enviaré,我会发送
deporte,运动
bajando,下降
sucia,脏的
recibimos,我们收到
pastillas,药片
ceremonia,仪式
tina,浴缸
muelle,码头
maletas,行李
hijas,女儿
desconocido,陌生人
conseguiré,我会得到
refugio,避难所
imagina,想象
franceses,法国人
convertirse,变成
arruinado,破产
vomitar,呕吐
pasajeros,乘客
normales,正常
disfraz,服装
continúe,继续
arreglado,整理
aprende,学习
venimos,我们来
tenerte,拥有你
seguirá,将继续
razonable,合理
puesta,放置
masaje,按摩
lágrimas,眼泪
gustaria,想要
extranjero,外国
dejaremos,我们将离开
apellido,姓
alguacil,警长
temporal,临时
rompe,打破
mayo,五月
egoísta,自私
aceite,油
platos,盘子
miércoles,星期三
indios,印度人
decimos,我们说
bolsas,袋子
anuncio,广告
tirado,扔掉
notado,注意到
mutantes,变种人
imaginas,想象
habitaciones,房间
grecia,希腊
entré,我进了
díselo,告诉他
césar,凯撒
comprado,购买
cocaína,可卡因
amarillo,黄色
acabará,将结束
suceda,发生
mentes,心智
maldad,邪恶
gustará,会喜欢
eliminar,消除
corbata,领带
atrapados,被困
sabíamos,我们知道
merezco,我值得
medalla,奖牌
lograste,你成功了
jaula,鸟笼
dió,给了
chofer,司机
informado,已通知
fatal,致命
enfadado,生气
cubierto,覆盖
compañera,同伴
ronda,轮次
cobra,蛇
cantante,歌手
abrazo,拥抱
tarjetas,卡片
sentarme,坐下
refería,提到
indica,指示
gravedad,严重性
ganando,正在赢
estúpidos,愚蠢
elecciones,选举
collar,项链
cincuenta,五十
programas,程序
naturalmente,自然
embajada,大使馆
desayunar,吃早餐
dejaría,会离开
vigila,监视
quisieras,你想要的
intereses,兴趣
agárrate,抓住
aéreo,航空的
traición,背叛
seguiré,我会继续
salvajes,野蛮的
prefiere,更喜欢
podéis,你们可以
mueres,你死
molestar,打扰
italiano,意大利的
dejarla,放她走
corazones,心
averiguarlo,查明它
ave,鸟
arreglarlo,修理它
advierto,我警告
vendiendo,出售
pública,公共的
monje,僧侣
jugamos,我们玩
hablarme,跟我说
escoger,选择
andas,你走
ví,我看到了
pico,尖峰
llevé,我带了
entro,我进入
tenias,你有
priorato,修道院
perdemos,我们失去
industria,工业
cretino,傻瓜
cafetería,咖啡馆
cabaña,小屋
aparecer,出现
tradición,传统
suelto,松散
publicidad,广告
pares,对
oídos,耳朵
medida,措施
japoneses,日本人
dieta,饮食
capa,层
vendrás,你会来
sincronizado,同步
historial,历史
guión,剧本
enano,侏儒
devolver,归还
solitario,孤独的
misiles,导弹
desnuda,裸体的
vaquero,牛仔
únicos,独特的
trasera,后面的
sano,健康的
piezas,零件
liga,联盟
gerente,经理
caridad,慈善
armados,武装的
trajeron,他们带来了
religión,宗教
fotografías,照片
sentirse,感到
rezar,祈祷
protege,保护
preparen,准备
niñera,保姆
naranja,橙子
matarnos,杀死我们
jugada,出击
espérame,等我
enseñarte,教你
cohete,火箭
tanques,坦克
sombras,阴影
moverse,移动
llegara,到达
cortó,剪掉
cierren,关闭
volverán,他们会回来
usamos,我们使用
sabremos,我们会知道
maletín,公文包
lenguaje,语言
invitación,邀请
cambian,改变
rehenes,人质
encontremos,我们找到
descubrí,我发现
audiencia,听众
agenda,日程
sígueme,跟着我
sensible,敏感的
reverendo,牧师
queréis,你们想要
cazar,狩猎
bodas,婚礼
seguiremos,我们将继续
rosas,玫瑰
retiro,退休
primeras,第一次
poderosa,强大的
deberia,应该
cantando,唱歌
antiguos,古老的
teme,害怕
síganme,跟着我
moviendo,移动
juventud,青春
equivocas,搞错
trabajadores,工人
seguí,我继续
salvaste,你救了
pulmones,肺
payaso,小丑
oírlo,听到它
fama,名声
engaño,欺骗
distrito,地区
disculparme,原谅我
ciudadano,公民
robando,偷窃
equipaje,行李
ciencias,科学
ubicación,位置
federales,联邦的
tratamos,我们尝试
ofrece,提供
junio,六月
extremadamente,极其
actuando,表演
traducción,翻译
supiste,你知道
sacarlo,把它拿出来
preparando,准备
letras,字母
típico,典型的
reserva,预订
propuesta,提议
plataforma,平台
mago,魔法师
linea,线
dude,伙计
busque,寻找
tabaco,烟草
principios,原则
dormida,睡觉
costó,花费
causar,造成
temer,害怕
subiendo,上升
rollo,卷
hechizo,魔法
gusano,虫子
guau,哇
grupos,团体
discos,唱片
despierte,醒来
ocurriendo,发生
horario,时间表
expedientes,档案
envié,我发送
dibujos,图画
concurso,比赛
autopista,高速公路
atacó,攻击
vendedor,卖家
sigas,继续
rebeldes,叛乱者
radar,雷达
expresión,表达
escuchan,他们听
use,使用
resultó,结果
principe,王子
hágalo,做吧
exposición,展览
demasiadas,太多
cuidando,照顾
aterrizaje,着陆
apetece,想要
tomaron,他们拿
sorprendente,惊人
responda,回答
olvidaste,你忘了
lobos,狼
echado,躺下
deberias,你应该
cortado,切
citas,约会
abiertos,开放
zapato,鞋子
preso,囚犯
lastimar,伤害
explosivos,爆炸物
colegas,同事
supieras,你知道
secretaria,秘书
queridos,亲爱的
morirás,你会死
cuero,皮革
confesión,忏悔
círculo,圆圈
sabéis,你们知道
química,化学
obras,作品
llores,哭泣
juegas,你玩
invisible,隐形
fase,阶段
esconde,隐藏
capitan,船长
adulto,成年人
vacía,空的
siéntense,请坐
pastor,牧师
llegada,到达
gatillo,扳机
debamos,我们应该
teléfonos,电话
saqué,我拿了
regresará,将会回来
olvidaré,我会忘记
límites,限制
jovencita,年轻女孩
dibujo,画
británico,英国的
balboa,巴尔博亚
psiquiatra,精神科医生
objetos,物体
negociar,谈判
formar,形成
fiel,忠诚
diosa,女神
descubrió,发现
ala,翅膀
abril,四月
saldré,我会出去
mías,我的
disfruta,享受
atender,照顾
tomaremos,我们将会喝
oreja,耳朵
necesitaremos,我们需要
motores,发动机
intenciones,意图
cumplido,恭维
brindis,祝酒
villa,别墅
trono,王座
traen,带来
sentados,坐着
samurai,武士
salía,出去
raras,稀有
producción,生产
medias,袜子
lavar,洗
jazz,爵士乐
extraordinario,非凡
causado,造成
serpientes,蛇
revisa,检查
quedate,留下
nervios,神经
estable,稳定
cerdos,猪
riesgos,风险
pasaste,你通过了
madres,母亲
instinto,本能
episodio,剧集
empezaron,开始
aniversario,周年纪念
viera,看见
viajes,旅行
trabajé,我工作过
rango,范围
preocupación,担忧
métete,插入
imaginé,我想象
hayamos,我们已经
fenómeno,现象
dolores,疼痛
demanda,需求
creó,创造
asegurar,确保
pesadillas,噩梦
niega,否认
molestia,不适
extremo,极端
debilidad,虚弱
compasión,同情
camiones,卡车
aproximadamente,大约
afecta,影响
administración,管理
reconocimiento,认可
recientemente,最近
practicar,练习
pierdas,失去
pandilla,帮派
miss,小姐
mates,数学
disparando,射击
británicos,英国人
ayudarlos,帮助他们
sueldo,工资
siguió,继续
significado,意义
miente,撒谎
medidas,措施
guitarra,吉他
custodia,监护
boletos,票
ayudado,帮助过
sentarte,坐下
risa,笑
quemar,烧
prometió,承诺
observando,观察
lectura,阅读
jódete,去你妈的
considerado,考虑
cometer,犯
cambié,我改变了
asientos,座位
satisfecho,满意
saludable,健康
lanzar,投掷
hoja,叶子
conozca,认识
concepto,概念
colgar,挂
apunta,指向
renta,租金
prefieres,你更喜欢
pediré,我会请求
mediodía,中午
influencia,影响
hacernos,让我们
figura,数字
ensayo,试验
coordenadas,坐标
casó,结婚
político,政治家
países,国家
once,十一
matarlos,杀死他们
graduación,毕业
frase,短语
eterna,永恒
estarlo,在它
descuida,别担心
toalla,毛巾
próximos,下一个
monedas,硬币
mirad,看
miraba,看着
griegos,希腊人
famosa,著名
corredor,走廊
atravesar,穿越
aguas,水域
modales,礼仪
guerras,战争
eternidad,永恒
conocerla,认识她
busquen,寻找
acuerda,记住
sentirme,感到
quema,燃烧
poema,诗
ordenó,命令
espiritual,精神的
costumbre,习惯
comencé,开始
cabra,山羊
alquiler,租赁
vencido,被击败
vela,蜡烛
trataré,我会尝试
sospechosos,可疑的
quinto,第五
pilotos,飞行员
perdieron,失去
generación,一代
formación,培训
estructura,结构
concéntrate,集中注意力
complejo,复杂
voces,声音
tragos,饮料
temor,恐惧
república,共和国
recursos,资源
presentación,介绍
pirámide,金字塔
oficialmente,正式地
maquillaje,化妆
guardaespaldas,保镖
escucharme,听我说
dejara,让
contiene,包含
bendición,祝福
vuestros,你们的
semejante,类似
pague,支付
molestes,打扰
cultura,文化
comió,吃了
antecedentes,背景
tendríamos,我们会
representante,代表
prestado,借
posesión,拥有
oir,听
nubes,云
meterte,进入
guantes,手套
esperabas,你期待
enseña,教
encontrarme,找到我
consejos,建议
regreses,你回来
preocupen,担心
pistolas,手枪
gane,赢
sos,求助
niveles,水平
ganaste,你赢了
considerando,考虑
capital,资本
cambie,改变
ánimo,精神
utilizar,使用
lograrlo,实现它
llévate,带走
gafas,眼镜
espíritus,灵魂
preguntaste,你问了
pagará,会支付
maíz,玉米
estacionamiento,停车场
contactos,联系人
aguja,针
trenes,火车
soporto,支持
sacaré,我会拿出
oido,耳朵
fortaleza,堡垒
corea,朝鲜
conversar,交谈
computadoras,计算机
cálmese,冷静
volante,方向盘
sucederá,将会发生
decías,你说过
data,数据
cuente,告诉
civilización,文明
cabrones,混蛋
arruinar,毁坏
vampiro,吸血鬼
tocó,碰到了
regresé,我回来了
pases,通行证
fantástica,奇妙的
facil,简单
estabamos,我们在
diera,给
detenga,停止
violación,强奸
hemorragia,出血
fianza,保证金
docena,一打
centavo,分币
célula,细胞
carreras,比赛
callado,安静
rodilla,膝盖
prometes,你承诺
profundamente,深刻地
posiciones,位置
hicieras,你做的
furioso,愤怒
desperté,我醒来
comes,你吃
ciega,盲目
cicatriz,伤疤
bebidas,饮料
acércate,靠近
tiró,扔
policial,警察的
pasear,散步
masa,团块
llegues,到达
global,全球
escapado,逃脱
dinos,告诉我们
cuarta,第四
bienes,财产
aparato,设备
sostén,支撑
realizar,实现
permitiré,我会允许
orgullosos,自豪
corten,剪切
comisión,委员会
vidrio,玻璃
presa,水坝
ocupados,忙碌
morfina,吗啡
habrían,他们会
columna,柱子
sacaron,拿走
patas,腿
oírme,听我
ocultar,隐藏
objeción,反对
maneja,管理
largas,长的
generalmente,通常
fuentes,来源
cubrir,覆盖
ataca,攻击
tenis,网球
santos,圣人
potencial,潜力
plano,平面
levante,抬起
escala,规模
enfrentar,面对
cuánta,多少
sobra,剩余
rumor,谣言
páginas,页面
órganos,器官
león,狮子
entras,进入
decían,他们说
chinos,中国人
brujas,女巫
barbara,巴巴拉
admiro,我钦佩
voto,投票
volvieron,他们回来了
suelte,放手
reto,挑战
metes,你放
infarto,心脏病
cuyo,其
construyó,建造
boleto,票
besar,亲吻
portal,门户
ponemos,我们放
monte,山
discusión,讨论
digno,值得
desean,他们想要
darse,给自己
considerar,考虑
bancos,银行
poción,药水
perdóneme,请原谅我
pensabas,你曾想
generoso,慷慨
estatua,雕像
convencer,说服
conocida,已知的
comenzamos,我们开始
aceptado,接受
rob,抢劫
importar,重要
fracaso,失败
ciertos,某些
bomberos,消防员
sorprendido,惊讶
protegido,受保护
presenta,介绍
metí,我放入
entenderlo,理解它
detengan,停止
conflicto,冲突
códigos,代码
seco,干燥
sabiendo,知道
hacerla,做它
graves,严重
dejarás,你会离开
convencido,信服
comprende,理解
bromas,玩笑
oyen,听到
moleste,打扰
mencionar,提到
gastos,开支
estaríamos,我们会
esperaremos,我们会等待
encontrarán,他们会找到
billetes,票
arco,弓
altos,高
actores,演员
talvez,也许
sitios,地方
saluda,问候
quejas,投诉
planeando,计划中
moriremos,我们会死
marica,同性恋者
habrías,你会
estarían,他们会
dejarán,他们会留下
amantes,情人
acostumbrado,习惯的
torneo,锦标赛
planos,平面
ordeno,我命令
miré,我看了
maldicion,该死
kg,千克
dirías,你会说
confirmado,已确认
vacas,奶牛
quirófano,手术室
ponerlo,放置它
origen,起源
fusión,融合
deberá,将必须
verdaderos,真实的
serían,他们会是
seguía,继续
sabrán,他们会知道
pasaje,通行证
necesidades,需求
lavado,洗涤
galaxia,星系
fresca,新鲜的
doloroso,痛苦的
comenzado,开始的
uñas,指甲
trajes,西装
perfil,轮廓
necesitará,将需要
manejando,驾驶
lola,萝拉
lentes,眼镜
engañar,欺骗
cállense,闭嘴
bate,棒球棒
automático,自动的
tuyas,你的
quedarás,你将留下
profunda,深刻的
piensen,思考
permiten,允许
heredero,继承人
entraron,进入
canadá,加拿大
caminos,道路
sintió,感受到
robé,我偷了
porno,色情
lejano,遥远的
intercambio,交换
hojas,叶子
dispare,开火
cuan,多么
champaña,香槟
atractiva,吸引人的
terminal,终端
rita,丽塔
poesía,诗歌
pierda,失去
expertos,专家
ensalada,沙拉
convertir,转变
calientes,热的
autopsia,尸检
tristeza,悲伤
tiendas,商店
mafia,黑手党
jodas,操你
escuchó,听到
enormes,巨大的
denme,给我
atacaron,攻击
almacén,仓库
sufrió,遭受
productos,产品
productor,生产者
permitido,允许的
pegó,打
matarla,杀了她
interno,内部
interna,内部
infantil,儿童
españa,西班牙
diarios,日报
combinación,组合
acompañe,陪伴
ropas,衣服
pondremos,我们将放置
metiste,你放进
esencia,本质
brillantes,闪亮的
bingo,宾果
sordo,聋
sacas,你拿出
rancho,农场
objetivos,目标
muebles,家具
mencionó,提到
estupido,愚蠢
enterado,了解
documento,文件
vencer,战胜
sintiendo,感受
quieta,安静
período,时期
oportunidades,机会
monos,猴子
mercancía,商品
lastimado,受伤
internos,内部的
hueco,空洞
golpea,打击
evento,事件
estudiando,学习
elige,选择
crecido,成长
conspiración,阴谋
avenida,大道
tremendo,巨大的
tocas,你触碰
sabias,聪明的
raya,条纹
líos,麻烦
invitar,邀请
homicidios,谋杀
herramientas,工具
flecha,箭
derrota,失败
cervezas,啤酒
terminará,将结束
llenar,填充
líderes,领导者
ganan,赢得
fingir,假装
estrategia,战略
dirán,他们会说
confías,你信任
cómoda,舒适的
comience,开始
cenizas,灰烬
capaces,能够
temía,害怕
sonríe,微笑
quite,离开
necesites,你需要
mostrarle,给他看
mordió,咬了
jefa,老板
fallo,失败
empiezan,开始
dispositivo,设备
detesto,我讨厌
aprendiste,你学会了
aman,他们爱
agradecido,感激
agáchate,弯下
terminaste,你完成了
sida,艾滋病
mueras,你死
mentí,我撒谎
lujo,奢侈
láser,激光
importe,金额
físico,物理
caes,你跌倒
tiros,射击
miran,他们看
hadas,仙女
ganancias,利润
fritas,炸的
fantasía,幻想
deténgase,停下
déjenlo,让他去
curar,治愈
comidas,食物
quisiste,你想要
pacífico,和平的
oler,闻
ofreció,他提供了
importaba,进口
certeza,确定
actividades,活动
vestidos,裙子
suele,通常
submarino,潜水艇
podrias,你能
pesa,重量
judas,犹大
idioma,语言
identificar,识别
hubiéramos,我们会
cañones,炮
beneficios,好处
sospecha,怀疑
observación,观察
muchachas,女孩
manejo,管理
jodiendo,搞砸
explicarlo,解释它
divino,神圣
divertida,有趣
despegue,起飞
contrató,雇佣
volumen,音量
trabajó,工作
términos,术语
morirán,他们将死
hombros,肩膀
hada,仙女
alegre,快乐
terribles,可怕
temes,你害怕
sabiduría,智慧
prioridad,优先权
pluma,羽毛
misil,导弹
mansión,豪宅
detenerme,阻止我
despertó,醒来
decírmelo,告诉我
cambiará,将改变
arranca,启动
alejado,远离
soltero,单身
pierden,失去
mascota,宠物
empuja,推
dentista,牙医
cogido,抓住
batería,电池
visual,视觉
reconoce,识别
pedimos,我们请求
niebla,雾
métodos,方法
durmió,睡着了
desfile,游行
creciendo,增长
continua,持续
borracha,醉酒的
beca,奖学金
adolescente,青少年
actos,行为
mágica,魔法的
imbéciles,傻瓜
huyendo,逃跑
fotógrafo,摄影师
experimentos,实验
edificios,建筑
deténganse,停下
cálmense,冷静
atmósfera,气氛
acabaron,结束了
votos,投票
tareas,任务
presupuesto,预算
persecución,追逐
enseñarle,教他
enfermos,病人
cortes,切割
contaste,你讲过
recuerdan,他们记得
probabilidades,概率
núcleo,核心
multitud,人群
moriré,我会死
empresas,公司
delta,三角洲
asociación,协会
verdes,绿色的
profesión,职业
pelotón,排
paro,失业
largos,长的
danos,伤害
creído,相信
cosecha,收获
cintas,带子
agallas,胆量
vendido,卖掉
tortura,折磨
suéltala,放开她
sexuales,性别的
retirado,退休的
reconoces,你认识
pudieran,他们能
desorden,混乱
desarrollo,发展
abandonó,他/她离开了
vodka,伏特加
violento,暴力的
vestida,穿着
probarlo,尝试它
balón,球
población,人口
pechos,胸部
ocurrirá,将会发生
mientes,你在说谎
leal,忠诚的
jo,哎
federación,联合会
dí,说
asustaste,你吓到了
apártate,走开
vinieras,你来过
valioso,有价值的
profesora,女老师
misericordia,怜悯
mancha,污点
ilusión,幻想
habrás,你将会
golpeado,被打
generador,发电机
empiezas,你开始
detuvo,停止
despedir,解雇
cuerdas,绳子
cráneo,头骨
champán,香槟
cartel,海报
campana,钟
vendió,卖掉
rompí,我打破了
revistas,杂志
ordena,命令
cállese,闭嘴
avanzar,前进
técnicamente,技术上
remoto,遥远的
pudiéramos,我们能
pega,粘贴
parto,分娩
nido,巢
molestando,打扰
gota,滴
fracasado,失败者
esperé,我等
escúcheme,听我说
eco,回声
duros,坚硬的
dispararle,射击他
desaparecieron,消失了
contarle,告诉他
cargando,加载
caen,掉落
asesinó,谋杀了
prométeme,答应我
políticos,政治家
plantas,植物
oculta,隐藏
mundos,世界
fines,目的
dueños,主人
detén,停止
cm,厘米
asesinar,谋杀
agosto,八月
rojas,红色的
pantano,沼泽
opina,意见
odian,仇恨
llegaré,我会到达
impresionado,印象深刻
dirigir,指导
diciembre,十二月
decidimos,我们决定
conectado,连接
toco,我触摸
sinceramente,真诚地
relacionado,相关
quedaron,留下
levanten,举起
espantoso,可怕的
enseño,我教
enfermedades,疾病
divirtiendo,娱乐
cubre,覆盖
confidencial,机密
compre,买
baúl,行李箱
baila,跳舞
aumento,增加
ascenso,上升
testimonio,证词
saliera,离开
resiste,抵抗
párate,停下
ofrecer,提供
ocupo,占据
merecía,值得
jabón,肥皂
hamburguesa,汉堡
escuelas,学校
equivoco,错误
caiga,掉落
beneficio,利益
suéltalo,放开它
rusa,俄罗斯的
receta,食谱
modelos,模型
misterioso,神秘的
esconder,隐藏
eche,扔
contarte,告诉你
callejón,小巷
buscarla,寻找它
bonitas,漂亮的
toquen,触碰
rudo,粗糙
pasaré,我会过去
extrañé,我想念
detras,后面
detenerlos,阻止他们
delito,罪行
atacado,攻击
traerlo,带来它
sentencia,判决
sácame,把我带出来
posibles,可能的
participar,参与
pagas,支付
mintió,撒谎
jefes,老板
excepción,例外
espadas,剑
engañado,被欺骗
débiles,脆弱的
corporación,公司
cerrados,关闭的
carajos,见鬼
vería,我会看到
seca,干燥的
recibiendo,正在接收
pescar,钓鱼
olvidas,你忘记
naciones,国家
llevara,将要带
graciosa,有趣的
emergencias,紧急情况
conviene,合适
comunicaciones,通讯
caí,我跌倒了
ocuparé,我会占用
niñita,小女孩
hazte,让你自己
estupenda,极好的
disciplina,纪律
case,结婚
arriesgado,冒险的
arquitecto,建筑师
vaticano,梵蒂冈
traerme,带给我
tiroteo,枪击
sirvo,我服务
sentirás,你会感受到
ratón,老鼠
quitarme,让我去掉
quedaba,剩下
preguntan,他们问
permíteme,请允许我
masacre,大屠杀
infancia,童年
indio,印度人
homosexual,同性恋
chance,机会
barba,胡子
artes,艺术
acerque,靠近
susto,惊吓
síntomas,症状
salvarte,拯救你
sabio,智慧
romance,浪漫
petición,请求
peligrosos,危险的
orinar,尿尿
macho,雄性
llevarse,带走
lindos,可爱的
protegerte,保护你
profundidad,深度
pides,你要求
permanente,永久的
investigaciones,调查
cruzando,穿越
comenzando,开始
atrapada,被困
trampas,陷阱
tomemos,让我们
tímido,害羞
ola,波
narices,鼻子
diana,靶子
presentarles,介绍他们
pasaremos,我们将度过
observa,观察
nacer,出生
mona,猴子
mm,嗯
increíblemente,令人难以置信
despegar,起飞
comentario,评论
sufre,受苦
ramera,妓女
perfume,香水
oscura,黑暗
olas,波浪
obligado,被迫
noviembre,十一月
logré,我成功了
llevaría,会带
fallado,失败
escocia,苏格兰
destruyó,摧毁
conduciendo,驾驶
camiseta,T恤
venas,静脉
riendo,笑
resistir,抵抗
pavo,火鸡
pagué,我付了
nieto,孙子
liberar,释放
hogares,家庭
denle,给他们
barón,男爵
aguanto,我忍受
vicepresidente,副总统
simón,西蒙
querrías,你想要
quedara,留下
ordenador,电脑
jodidos,被搞砸的
enfermeras,护士
despertado,醒来
comentarios,评论
alumnos,学生
aburrida,无聊的
superar,克服
norma,规范
musical,音乐的
lápiz,铅笔
jodan,去你们的
incluye,包括
fruta,水果
entran,进入
eléctrica,电的
crítica,批评
comí,我吃了
chip,芯片
cargado,加载
altas,高的
venden,出售
superiores,上级
sufriendo,受苦
sacamos,我们拿出
invitó,邀请
huelo,我闻
harían,他们会做
gastar,花费
escapa,逃跑
confirmar,确认
quitado,去掉
probando,尝试
perímetro,周长
pegado,粘贴
olviden,忘记
mentirosa,说谎的
incapaz,无能
forense,法医
ésas,那些
dignidad,尊严
detectives,侦探
deportes,体育
delicado,脆弱的
cuarenta,四十
constante,持续的
bebes,你喝
sesos,脑子
seriamente,认真地
regresemos,我们回去吧
protegiendo,保护
muralla,城墙
meterse,插手
lleves,你带着
inténtalo,试试看
huye,逃跑
embarazo,怀孕
debimos,我们应该
cuartos,房间
copas,杯子
rehén,人质
pisos,楼层
persiguiendo,追逐
milagros,奇迹
horror,恐怖
emocional,情感的
comedor,餐厅
busqué,我找过
buscarme,找我
tumbas,坟墓
subtitulado,字幕
plazo,期限
pesca,捕鱼
muertas,死去的
mantenerlo,保持它
llamaremos,我们会打电话
litros,升
horribles,可怕的
deudas,债务
detiene,停止
compraste,你买了
comisaría,警察局
verlas,看它们
vé,去吧
vago,懒惰
unica,唯一的
radiación,辐射
múltiples,多个
muchísimas,非常多
equivoca,搞错
cuya,其
cortinas,窗帘
tenerla,拥有它
tapa,盖子
sorpresas,惊喜
respiro,呼吸
queja,抱怨
preguntarme,问我
oyendo,听
mordida,咬
mmm,嗯
miró,看
marchar,行进
mantequilla,黄油
guardián,守卫
escándalo,丑闻
causó,造成
aléjense,离开
acercando,靠近
vió,看见
tinta,墨水
sindicato,工会
reuniones,会议
pida,请求
personajes,角色
lees,读
dispuesta,准备
descripción,描述
calzones,内裤
brigada,小组
ayudaría,会帮助
repugnante,令人厌恶
odiaba,讨厌
misa,弥撒
metrópolis,大都市
meterme,让我进去
mamita,妈妈
jamón,火腿
ésos,那些
cazadores,猎人
usarla,使用它
retraso,延迟
responsabilidades,责任
preocupas,担心
pagando,支付
linterna,手电筒
inevitable,不可避免
encender,点燃
distinta,不同
compro,购买
cacería,狩猎
atacan,攻击
usaba,使用过
parientes,亲戚
menores,未成年人
jungla,丛林
dedicado,专注
contentos,快乐
compraré,我会买
astuto,狡猾的
antídoto,解药
vivas,活着的
vano,空洞的
sajones,萨克森人
raros,稀奇的
quemado,烧焦的
promesas,承诺
parejas,伴侣
olvidarlo,忘记它
locales,地方
fuga,逃跑
estaciones,车站
dispares,不同的
despidieron,解雇了
asesinada,被谋杀的
artillería,炮兵
apariencia,外观
advertí,我注意到
sacarme,把我带走
pueblos,村庄
mágico,魔法的
garantizo,保证
excusas,借口
contratar,雇佣
candidato,候选人
anteriormente,之前
adicto,上瘾的
sello,印章
salvarlo,拯救它
retrasado,延迟的
placas,牌照
hermosos,美丽的
galleta,饼干
escucharon,他们听到
chistoso,搞笑的
anillos,戒指
subió,上升
solar,太阳能
píldoras,药丸
pásame,给我
juegues,玩耍
grito,喊叫
enseñado,教过
encontrarte,找到你
descubrimiento,发现
consigues,你得到
clérigo,牧师
clásico,经典的
batallas,战斗
uses,用途
trates,处理
marzo,三月
hechas,制作
fraude,欺诈
economía,经济
disfrute,享受
creerme,相信我
costo,成本
consiga,获得
condena,判决
bájate,下来
alivio,缓解
traerá,将带来
quedaremos,我们将留下
micrófono,麦克风
matemáticas,数学
interesan,感兴趣
ida,去
hueles,你闻
giro,转弯
desgraciados,不幸的人
arroz,米
andan,走
unido,联合
traseros,后面
torres,塔
seda,丝
engañando,欺骗
encuentres,找到
controles,控制
choque,碰撞
celos,嫉妒
aclarar,澄清
sentiría,会感到
santuario,圣所
queden,留下
piratas,海盗
impulso,冲动
impedir,阻止
grita,喊
envíe,发送
entraste,你进来了
debieron,应该
creías,你相信
cobrar,收取
audición,听力
asesinados,被谋杀
afueras,郊区
tribu,部落
testamento,遗嘱
postre,甜点
paró,停止
ópera,歌剧
falló,失败
estatal,国家的
esclavo,奴隶
déjate,让你自己
costillas,肋骨
costará,将花费
chistes,笑话
arreglaré,我会修理
alcanza,达到
valientes,勇敢的
privilegio,特权
orina,尿
jovencito,年轻人
invasión,入侵
estuvieran,他们在
estupideces,愚蠢的事情
encaja,适合
durará,将持续
descanse,休息
déjanos,让我们
camas,床
cables,电缆
bárbara,野蛮的
avanzando,前进
usualmente,通常
sagrada,神圣的
sable,剑
retírense,请退下
retirada,撤退
psicópata,精神病患者
preocupo,我担心
plaga,灾害
ohh,哦
malvada,邪恶的
existir,存在
entendemos,我们理解
bendito,受祝福的
arregla,修理
supuestamente,据说
residente,居民
rescatar,拯救
pesada,沉重的
oímos,我们听到
locas,疯狂的
llegarán,将到达
hermanito,弟弟
hamburguesas,汉堡
firmado,签署的
entrenar,训练
encendido,点燃
disfruten,享受
deseaba,希望
conocías,你认识
cambiaron,他们改变了
boxeo,拳击
autorizado,授权的
armadura,盔甲
sobrevivió,幸存
preocupados,担心的
ocasiones,场合
necesitarás,你需要
mutante,变种
músculos,肌肉
mantienen,保持
justa,公平
increíbles,令人难以置信
incómodo,不舒服
harta,厌烦
expedición,探险
esfuerzos,努力
directa,直接
deberes,作业
contratado,雇佣的
usé,我用了
sentar,坐下
presentes,在场的
mierdas,屎
merecen,值得
llamaban,他们叫
ejecución,执行
darás,你会给
créame,相信我
busquemos,我们找
afirmativo,肯定的
admito,我承认
talla,尺码
rodeado,被包围
reparar,修理
quitó,拿走
patada,踢
lea,读
jugado,玩过
humilde,谦逊
encantó,喜欢
encantará,将会喜欢
elefante,大象
echaré,我会扔
demostración,演示
creación,创造
compañia,公司
camaradas,战友
bebido,喝过
bata,长袍
soga,绳子
signos,符号
sentirte,感受你
póngase,请穿上
perderé,我会失去
pegar,打
ondas,波浪
mapas,地图
mantenerte,保持你
llenos,满的
intentes,尝试
informar,通知
independiente,独立的
fuéramos,我们会
encontrarnos,相遇
distintas,不同的
conque,那么
conozcas,你认识
cometa,彗星
acostado,躺着
pentágono,五边形
pensaría,我会想
galería,画廊
duermo,我睡觉
decepcionado,失望的
blancas,白色的
bajó,下降
ausencia,缺席
asistencia,出席
usaste,你用了
suma,和
ogro,巨魔
griego,希腊的
caballería,骑兵
bondad,善良
bolsillos,口袋
avanzada,先进的
ancestros,祖先
alturas,高度
puño,拳头
otoño,秋天
observar,观察
mande,请
ligera,轻
iris,鸢尾
horno,烤箱
grosero,粗鲁
elementos,元素
debías,你应该
culpo,我责怪
comencemos,让我们开始
bebo,我喝
veloz,快速
telefónica,电话的
tatuaje,纹身
sácalo,把它拿出来
resuelto,解决
quedaría,会留下
pais,国家
nocturno,夜间的
líquido,液体
filas,行列
estes,这些
espías,间谍
especialidad,专业
aves,鸟类
amables,友好的
uniformes,制服
sentirlo,感到它
retrocede,后退
reconocer,承认
rebelde,叛逆
plena,完全
pervertido,堕落
obedecer,服从
mentido,撒谎
matara,杀了
llamarla,叫她
jade,翡翠
entienda,理解
ego,自我
echó,扔掉
considero,我认为
cobardes,懦夫
césped,草坪
capullo,花蕾
baños,浴室
supervivencia,生存
soñado,梦见
separados,分开
respirando,呼吸
negras,黑色
infantería,步兵
identificado,已识别
honesta,诚实的
hambriento,饥饿的
escribo,我写
despedirme,告别我
demos,我们给
cortesía,礼貌
colonia,殖民地
ayudes,帮助
amiguito,小朋友
alfa,阿尔法
temen,害怕
suéltenme,放开我
sensacional,惊人的
sacarle,拿走
prostitutas,妓女
pondrás,你将放置
literalmente,字面上
licor,酒
juzgar,判断
equilibrio,平衡
envíen,发送
entregado,交付
corazon,心脏
consulta,咨询
boxeador,拳击手
bahía,海湾
usen,使用
taller,车间
rompiste,你打破了
quitaron,他们拿走了
patatas,土豆
operar,操作
mochila,背包
interesada,感兴趣的
inspiración,灵感
explicaré,我将解释
estuviese,如果有
enero,一月
cumple,生日
claudia,克劳迪亚
lógico,合乎逻辑的
islas,岛屿
insignificante,微不足道的
hermandad,兄弟会
goma,橡胶
franco,弗朗哥
duermes,你睡觉
chimenea,烟囱
trataron,他们尝试
tardará,将会花费
sábanas,床单
polo,极地
podia,能够
perspectiva,视角
papás,爸爸
ministerio,部
gesto,手势
fumando,吸烟
disfrutando,享受
debas,你们
culpar,责备
atreve,敢于
arriesgar,冒险
arabia,阿拉伯
vital,重要
túneles,隧道
transferencia,转移
suicidó,自杀
sucios,肮脏
seguida,接下来
regresamos,我们回来了
recibirá,将会收到
oculto,隐藏
honorable,可敬
hmm,嗯
generaciones,代
escolar,学校
dámela,给我
controlado,控制
constantemente,不断
cheques,支票
bromeo,开玩笑
australia,澳大利亚
asegurarnos,确保我们
apetito,食欲
vivió,生活
vías,轨道
piden,请求
órbita,轨道
manzanas,苹果
interesantes,有趣
herir,伤害
exámenes,考试
enfadada,生气
cuadras,街区
cometí,我犯了
colorado,科罗拉多
asia,亚洲
término,术语
síndrome,综合症
refrigerador,冰箱
ofrezco,我提供
mentiste,你撒谎了
mecanismo,机制
manejarlo,处理它
especialista,专家
dejarlos,让他们
crucero,邮轮
avísame,告诉我
ardiendo,燃烧
saludar,问候
papito,爸爸
oficio,职业
metieron,他们放进
estadounidenses,美国人
divertirnos,我们玩得开心
cuentan,他们讲
toneladas,吨
tobillo,脚踝
técnico,技术
saudita,沙特
salvador,救世主
sabré,我会知道
presta,借给
ordenar,整理
naciste,你出生
mostró,展示
moderna,现代
mito,神话
juramento,誓言
garras,爪子
consejero,顾问
confusión,混乱
aguarda,等待
vuestras,你们的
ventas,销售
sirviente,仆人
sierra,锯
serios,严肃的
pónganse,请你们
perderte,失去你
juegan,他们玩
indicado,指示
entrenado,训练过的
enteré,我知道
enhorabuena,恭喜
cuba,古巴
cruce,交叉
crean,创造
contarme,告诉我
cancelar,取消
callar,沉默
aceptarlo,接受它
suite,套房
soñar,梦想
provisiones,供应
preferido,最喜欢的
normas,规范
mientas,谎言
mandé,我发送
mandado,已发送
llámeme,给我打电话
huella,足迹
gilipollas,傻瓜
fingiendo,假装
eterno,永恒
escopeta,猎枪
divertirse,玩得开心
distintos,不同的
desesperado,绝望的
bailarina,舞者
alimentar,喂养
adora,崇拜
simpático,友好的
ridícula,可笑的
respetar,尊重
rabia,愤怒
presentó,介绍
poderosos,强大的
pito,哨子
perla,珍珠
pendiente,耳环
maestros,老师
humanas,人类
estare,我会在
escuchame,听我说
entere,我知道
bésame,吻我
suicida,自杀
suelten,放开
sobrina,侄女
presentarte,介绍你
padrino,教父
fractura,骨折
explicarte,给你解释
escuches,你听
envío,发送
enterrar,埋葬
destrozado,破碎的
dejarle,让他
condicional,条件的
cometió,犯了
avergonzado,感到羞愧的
artículos,文章
amenazas,威胁
victima,受害者
val,值
símbolos,符号
saltó,跳了
repetir,重复
pelos,毛发
organizado,组织的
novato,新手
localizar,定位
lindas,可爱的
intentan,尝试
estara,将会
enamorados,恋爱中的
discutiendo,争论
cajón,抽屉
aliados,盟友
águila,鹰
sugiere,建议
sexto,第六
retirarse,撤退
reciente,最近的
protector,保护者
presos,囚犯
pidieron,请求
mide,测量
materia,物质
hueón,家伙
gentil,温和的
evidente,明显的
enlace,链接
dorado,金色的
discúlpenme,对不起
dejare,我将离开
conclusión,结论
competir,竞争
auténtico,真实的
anuncios,广告
afortunadamente,幸运的是
siesta,午睡
sentidos,感官
principales,主要的
mátame,杀了我
hallé,我发现了
girar,旋转
extraterrestre,外星人
egipto,埃及
canciller,总理
valores,价值
recibiste,你收到了
quítense,请脱掉
protocolo,协议
preocuparme,让我担心
pacto,pact
módulo,模块
inteligentes,聪明的
imaginaba,我想象
huracán,飓风
dejaba,我留下
canales,频道
buscaremos,我们会寻找
botellas,瓶子
billones,万亿
atraparlo,抓住它
arrestar,逮捕
acento,口音
accidentes,事故
vientre,腹部
tomaría,我会拿
timón,舵
tabla,表
sacando,拿出
pintar,画
particularmente,特别
palma,手掌
organizar,组织
llevarán,他们会带走
llamaría,我会打电话
irlandés,爱尔兰人
esperes,你等着
crecí,我长大
as,作为
agarró,抓住
voluntario,志愿者
vivirá,他会生活
vigilar,监视
vestíbulo,门厅
soltar,放开
siguientes,以下
residentes,居民
leíste,你读过
hacha,斧头
felicito,我祝贺
enojar,生气
ejercicios,练习
drogado,吸毒者
cagar,拉屎
traducido,翻译的
suplico,我恳求
salario,工资
préstamo,贷款
mensajero,信使
granjero,农民
filosofía,哲学
faltaba,缺少
explosivo,爆炸物
diagnóstico,诊断
cardíaco,心脏的
bosques,森林
acabé,我完成了
tomate,番茄
quitarle,拿走
magneto,磁铁
lance,投掷
huyó,逃跑
hilo,线
hablará,将会说
gemelos,双胞胎
eligió,选择
doler,疼
dificultades,困难
concentración,集中
artistas,艺术家
aceptas,你接受
acabando,正在结束
torpe,笨拙
sobrevivientes,幸存者
saldrás,你将会离开
región,地区
produce,生产
post,帖子
obsesionado,着迷
descubre,发现
cerró,关闭
cayeron,掉落
casé,我结婚了
automóvil,汽车
atiende,照顾
voló,飞
ruinas,废墟
orilla,岸边
mañanas,早晨
magnífica,壮丽
excitante,刺激的
enseñarles,教他们
comenzaron,开始
cerradas,关闭的
celosa,嫉妒的
batallón,营
atrae,吸引
apresúrate,快点
rojos,红色的
ofender,冒犯
novela,小说
nazis,纳粹
muros,墙
limpias,干净的
espectacular,壮观的
empiecen,开始
cortina,窗帘
construido,建造的
comerciales,商业的
chaval,小伙子
cadenas,链条
botones,按钮
arrogante,傲慢的
vendo,我卖
tuviéramos,我们有
tocaba,触碰
situaciones,情况
semental,种马
responsables,负责的
reportes,报告
muestran,显示
facultad,学院
envidia,嫉妒
emocionado,兴奋的
disposición,准备
diremos,我们会说
dejarnos,让我们
deberiamos,我们应该
conquistar,征服
bonitos,漂亮的
averigua,查明
almohada,枕头
activo,活跃的
abuelita,奶奶
vitales,重要的
verse,看起来
traicionado,被背叛
teresa,特蕾莎
soñé,我梦见
roba,偷
moderno,现代的
manta,毛毯
lidiar,应对
joda,玩笑
despejen,清除
comunista,共产主义者
aprendiendo,学习中
tirando,扔
suiza,瑞士
pita,哨子
pensaron,他们想
nudos,结
muestre,展示
molestado,打扰
llora,哭
hembra,雌性
eternamente,永远
duermas,你睡
disparan,开枪
creerá,会相信
colgado,挂着
arrestaron,逮捕
acusación,指控
viajando,旅行中
tremenda,可怕
simples,简单
servirle,为你服务
planea,计划
negar,否认
necesitabas,你需要
mordido,被咬
lecciones,课程
insectos,昆虫
imaginado,想象
habríamos,我们会
fallar,失败
escudos,盾牌
diviértete,玩得开心
crece,成长
combatir,战斗
canto,歌唱
bichos,虫子
atacando,攻击
apestoso,臭
visa,签证
times,时代
retirar,撤回
persigue,追逐
ooh,哦
leerlo,读它
investigador,研究员
fan,风扇
falsos,虚假
echarle,扔给他
dire,说
cuide,照顾
comemos,我们吃
transmisor,发射器
servido,服务
salchichas,香肠
récord,记录
raíces,根
propongo,我提议
oficinas,办公室
neo,新
navegar,导航
llevarnos,带走我们
lastima,遗憾
granero,谷仓
ginebra,杜松子酒
evidencias,证据
enseñarme,教我
dejaras,你会离开
dañado,受损
cuentes,你说
bandas,乐队
avancen,推进
ángulo,角度
ancianos,老人
activado,激活
acceder,访问
varón,男性
sociales,社会的
sake,为了
recuperado,恢复
quedarán,将留下
porfavor,请
navaja,刀
muñeco,玩偶
milord,阁下
manchas,污点
escuchamos,我们听
entremos,我们进入
cosmos,宇宙
conservar,保存
condesa,女伯爵
ataúd,棺材
antena,天线
anciana,老妇人
ademas,此外
toro,公牛
subido,上升
sígame,跟我来
recoge,收集
quemando,燃烧
preguntaré,我会问
pondría,我会放
pensión,养老金
panel,面板
muriera,死去
llegarás,你会到达
inversión,投资
hablen,他们说
geniales,很棒
genética,遗传学
funciones,功能
enfermería,护理
destruye,摧毁
destruirlo,摧毁它
cargamento,货物
calmado,冷静
cabe,适合
billete,票
asustó,吓到了
aparecen,出现
aléjese,离开
recuperación,恢复
portada,封面
mojado,湿的
método,方法
masiva,大规模
martillo,锤子
hospitales,医院
hallaron,发现了
hallamos,我们发现
fax,传真
exacta,准确
estrés,压力
empezaste,你开始了
echaron,他们被解雇
cuidados,照顾
creíste,你相信
conteste,回答
avisar,通知
atraparon,抓住
viaja,旅行
terrorismo,恐怖主义
tarado,傻瓜
salchicha,香肠
pum,砰
peste,瘟疫
niego,我否认
morgue,停尸房
misteriosa,神秘的
miseria,悲惨
mantenimiento,维护
malentendido,误解
justamente,正好
iniciar,开始
escondiendo,隐藏
cambiaste,你改变了
caerá,将会掉落
bóveda,拱顶
billetera,钱包
amamos,我们爱
unirse,加入
soltera,单身
mesas,桌子
marte,火星
logra,实现
indican,指示
imagínate,想象一下
gusanos,虫子
grabación,录音
fuegos,火焰
firmada,签署的
experiencias,经历
editor,编辑
asilo,庇护所
venid,来吧
vendrías,你会来
utiliza,使用
tórax,胸部
significan,意味着
saludo,问候
ordenado,有序的
dales,给他们
cuchillos,刀
beba,喝
barril,桶
algodón,棉花
ajedrez,国际象棋
acostarte,躺下
reno,驯鹿
llévenselo,带走它
ligero,轻的
inusual,不寻常
gases,气体
estadio,体育场
desee,希望
convención,大会
circuito,电路
azar,偶然
atrapa,捕捉
asumo,我假设
test,测试
termines,你结束
reunir,聚集
posee,拥有
lenta,慢
kilo,公斤
inyección,注射
ingeniero,工程师
entres,你们之间
drama,戏剧
derrotar,击败
dedica,致力于
criado,仆人
consuelo,安慰
conocidos,熟人
comeré,我会吃
calzoncillos,内裤
calmate,冷静
bobo,傻瓜
bastantes,相当多
bajado,下降
ayudarles,帮助他们
afecto,感情
recto,直
rebelión,叛乱
pinturas,画作
murio,去世
grabar,录制
durar,持续
culpables,有罪
cómico,喜剧
bendita,受祝福的
artificial,人工
agradecer,感谢
adelantado,提前
acabemos,我们结束
valen,值
talentos,才能
separado,分开
pusimos,我们放置
menú,菜单
manténganse,保持
juguemos,我们玩
gral,将军
demora,延误
democracia,民主
cuelga,挂
cruzado,交叉
cristiano,基督教的
caramelo,糖果
aprieta,紧握
tomarlo,拿它
tarta,蛋糕
tales,这样的
supremo,至高无上的
solucionar,解决
sensores,传感器
retrato,肖像
prometida,未婚妻
pagarle,支付给他
musica,音乐
mejorando,改善
granada,石榴
espléndido,辉煌的
creando,创造
billar,台球
acercan,接近
yardas,码
volvía,回去
vehículos,车辆
tejido,织物
signo,符号
saturación,饱和
picnic,野餐
multa,罚款
lloviendo,下雨
literatura,文学
ire,愤怒
enviamos,我们发送
cortas,短的
corren,跑
congelado,冷冻
comprobar,检查
camarero,服务员
bajos,低音
actualmente,目前
turistas,游客
sumamente,极其
perderá,将失去
pagamos,我们支付
ovejas,羊
novias,新娘
muñecas,洋娃娃
maní,花生
madrina,教母
llevarás,你将带走
instintos,本能
hacíamos,我们做
enseñé,我教
conseguirlo,实现它
carbón,煤
avanzado,先进的
avance,进展
autógrafo,签名
aumentar,增加
aplauso,掌声
viuda,寡妇
vacías,空的
universal,普遍的
trabaje,工作
tómala,拿着它
sorprendió,惊讶
ríes,你笑
pulmón,肺
próximas,接下来的
orcos,兽人
mezcla,混合
meto,我放
inglesa,英语的
independencia,独立
huésped,客人
extrañar,想念
encantar,喜欢
destruyendo,正在毁灭
corresponde,对应
correctamente,正确地
coco,椰子
asustando,吓唬
administrador,管理员
abogada,女律师
tierno,温柔
soledad,孤独
recuerdes,记得
pope,教皇
perderemos,我们会失去
osos,熊
oírte,听到你
escribiste,你写的
depresión,抑郁
caramelos,糖果
basado,基于
aventuras,冒险
aumenta,增加
amada,爱人
agotado,精疲力竭
agarré,我抓住了
trabajador,工人
rodar,滚动
repite,重复
recordaré,我会记得
llover,下雨
entendió,理解
contactar,联系
agradecería,我会感激
usaré,我会使用
tomaba,我在喝
sujétate,抓紧
sospechas,怀疑
soplón,告密者
sándwich,三明治
reunido,聚会
prepare,准备
norteamericanos,美国人
hallado,发现
gustaban,喜欢
festival,节日
eventos,事件
escriba,写
escogió,选择
demuestra,展示
déjelo,让它
barata,便宜
banquete,宴会
arreglos,安排
alcanzado,达到
acostarme,躺下
sentiste,你感到
plomo,铅
perdería,我会失去
noté,我注意到
fuí,我去了
destruida,被毁坏
desperdicio,浪费
conveniente,方便
apártense,让开
amarilla,黄色
agarren,抓住
yate,游艇
vendré,我会来
soportarlo,忍受它
sencilla,简单
regresaremos,我们会回来
regimiento,团
quitarte,脱掉
ponme,给我
peleamos,我们打架
muevanse,移动
manicomio,精神病院
lesbiana,女同性恋
juzgado,法庭
jugaba,玩
inventó,发明
injusto,不公正
farsa,闹剧
estribor,右舷
esencial,基本
encontraba,发现
conjunto,集合
comprendido,理解
comercio,商业
chau,再见
cazas,猎物
atado,捆绑
alimentos,食品
vagón,车厢
tranquilidad,宁静
torta,蛋糕
similar,相似
quedaste,你留下
mandaron,他们派遣
hondo,深
haciéndolo,这样做
gripe,流感
dirigen,指挥
diferencias,差异
calibre,口径
botes,小船
borrar,删除
asquerosa,恶心
apague,关掉
ahh,啊
abismo,深渊
zoológico,动物园
salvación,救赎
querrán,他们会想要
propiedades,属性
permita,允许
llevaste,你带走
llenas,满
invento,发明
inferior,下级
huéspedes,客人
hoteles,酒店
gigantes,巨人
flujo,流动
esperábamos,我们期待
encantaba,迷恋
ebrio,醉酒
dormí,我睡了
decides,你决定
cobertura,覆盖
cigarro,香烟
acepte,接受
traía,带来
terminemos,我们结束吧
seguirás,你会继续
reconocí,我认出了
proxima,下一个
ponle,给他
plasma,等离子
monitor,监视器
lunar,胎记
escucharlo,听它
descarga,下载
cuidaré,我会照顾
cometiendo,正在犯
centímetros,厘米
capturado,被捕
ardiente,炽热
usaremos,我们将使用
traten,他们尝试
terminaron,他们结束了
sacaremos,我们将拿出
rodando,滚动
renuncio,我辞职
recomiendo,我推荐
ponía,我放置
policias,警察
papeleo,文书工作
novios,情侣
medicación,药物
fu,去
escenas,场景
equivocados,错误的
cortaron,他们切断
contratos,合同
contaba,我计算
camilla,担架
bla,呸
bellas,美丽的
adecuada,适当的
viviente,生物
secuestrado,被绑架
religioso,宗教的
regresaste,你回来了
permites,你允许
perfectos,完美的
pelicula,电影
mínima,最小的
luchador,斗士
lámpara,灯
famosos,著名的
extraterrestres,外星人
escotilla,舱口
dolió,疼痛
condenada,被判刑的
andaba,走
traficante,贩子
tiras,条
tardaré,我会花时间
salvé,我救了
regresas,你回来
recordarlo,记住它
molestaría,会打扰
llamará,会打电话
feria,集市
febrero,二月
eventualmente,最终
escondite,藏身处
duerma,睡觉
dijeras,你说过
creció,成长
colinas,丘陵
atrevas,你敢
ataquen,攻击
apunten,瞄准
antiguas,古老的
adolescentes,青少年
acusaciones,指控
supuse,我假设
sgto,军士
recado,留言
programado,计划的
patria,祖国
pariente,亲戚
necesaria,必要的
mecánico,机械师
joya,宝石
inútiles,无用的
hara,将会
ejecutivo,执行
dulzura,甜蜜
disparé,我开枪了
disparaste,你开枪了
detendrá,会停止
desconocidos,陌生人
comprarme,买给我
bién,好
videos,视频
veredicto,裁决
trajimos,我们带来了
tocan,他们演奏
tiré,我扔了
tardar,耽搁
suenas,你在想
reservas,预订
reciben,他们收到
invita,邀请
granadas,石榴
grabado,录制
falda,裙子
extraordinaria,非凡
escondidas,隐藏的
direcciones,地址
comparado,比较
clan,家族
besos,吻
angel,天使
afortunada,幸运的
ácido,酸
tiren,扔
pongamos,让我们放
planetas,行星
perdon,原谅
pañales,尿布
moriría,我会死
mexicano,墨西哥的
marchó,出发
maletero,行李箱
individuo,个体
huelga,罢工
habitual,习惯的
extranjeros,外国人
deseado,渴望的
dada,给予
cohetes,火箭
cocinero,厨师
científica,科学的
casaste,你结婚了
bigote,胡子
avanza,前进
atrapó,抓住
ansioso,焦虑的
taco,玉米饼
sana,健康
peleen,打架
pasteles,蛋糕
mirado,看过
marinero,水手
echando,扔
descubrieron,发现
confesar,坦白
compartimos,我们分享
bicho,虫子
avisa,通知
atajo,捷径
acostarse,躺下
voluntarios,志愿者
marcador,记分员
maquina,机器
gallinas,母鸡
estallar,爆炸
desafío,挑战
decida,决定
cuadros,画框
contador,计数器
británica,英国的
autor,作者
arde,燃烧
absoluta,绝对的
vera,看
trece,十三
supervisor,监督者
solitaria,孤独的
rindo,我放弃
paquetes,包裹
oriente,东方
lastimarte,伤害你
inestable,不稳定
habernos,让我们
fans,粉丝
enseñaron,教过
duermen,他们睡觉
documental,纪录片
divina,神圣的
criar,养
casarnos,结婚
bandidos,强盗
agradecerle,感谢您
abdomen,腹部
tortuga,乌龟
tocarme,碰我
tire,扔
revisen,检查
pañuelo,手帕
levantarse,起床
imperial,帝国的
deprimido,沮丧的
cadera,髋部
bandeja,托盘
aparezca,出现
visitantes,访客
tumor,肿瘤
todopoderoso,全能的
tentación,诱惑
sugerencia,建议
seguirán,将继续
seguidores,追随者
saldrán,将离开
record,记录
pruebe,尝试
ponla,放上
permitirá,将允许
permanece,保持
olvidemos,让我们忘记
mueran,死去
mariposa,蝴蝶
hockey,曲棍球
fumo,烟
firmes,坚定的
echas,扔
crítico,批评的
carros,汽车
caravana,车队
bestias,野兽
barrera,障碍
acerquen,靠近
tráelo,带来
satisfacción,满足
revelar,揭示
mueven,移动
mosca,苍蝇
metida,插入
mascotas,宠物
hablábamos,我们曾谈论
ejércitos,军队
discutimos,我们讨论
declarar,声明
conozcan,认识
colocar,放置
cinturones,安全带
ayudara,将帮助
asumir,承担
asesinaron,被谋杀
alquilar,租赁
agujeros,洞
vuelos,航班
sirvió,服务
sirva,请服务
ruidos,噪音
rincón,角落
quito,基多
putos,混蛋
patear,踢
paracaídas,降落伞
mear,尿
irlanda,爱尔兰
honrado,诚实
escrita,书面
complace,使高兴
cojo,瘸子
cazando,猎捕
capilla,教堂
america,美洲
volviera,回去
verificar,验证
suélteme,放开我
sirvientes,仆人
senadora,女参议员
semilla,种子
salio,离开
quinta,第五
pertenecen,属于
pendientes,耳环
partidos,政党
nazi,纳粹
misterios,神秘
instrumento,工具
háganlo,做吧
hacienda,庄园
fuma,抽烟
explique,解释
esparta,斯巴达
escribes,你写
diseñado,设计的
canalla,无赖
cambias,你改变
vaqueros,牛仔
tronco,树干
toallas,毛巾
tendrían,他们会有
significaba,意味着
sientan,坐
salidas,出口
políticas,政治
oriental,东方的
mutuamente,相互
lila,紫色
intimidad,亲密
grabando,录音
filmar,拍摄
fenomenal,现象级
falsas,虚假
evacuar,撤离
duelo,对决
dormiste,你睡了
dinosaurios,恐龙
dados,骰子
cruza,交叉
conseguiremos,我们会成功
confíe,相信
conexiones,连接
cómplice,同谋
cerradura,锁
asesor,顾问
admitirlo,承认
vagabundo,流浪者
tomarme,让我
tarda,晚
sonriendo,微笑
so,所以
revisando,审查
prudente,谨慎
postal,明信片
po,呸
pizzas,比萨
mariscal,元帅
marcos,框架
marcharse,离开
lava,熔岩
flanco,侧翼
explico,我解释
escúchenme,听我说
encárgate,负责
decidiste,你决定了
confuso,困惑
condenados,被判刑
comiencen,开始
coman,吃
cerrando,关闭
cd,光盘
vientos,风
traicionó,背叛
suyas,你的
suelen,通常
romántica,浪漫的
perderás,你将失去
oración,句子
occidental,西方的
liberación,解放
levantado,抬起
gancho,钩子
evolución,进化
escoge,选择
cueste,花费
chef,厨师
árabe,阿拉伯的
venían,他们来
venda,绷带
sustancia,物质
secundario,中学的
sacarla,把它拿出来
rubio,金发的
presentado,呈现
precisa,准确的
perteneces,你属于
palos,棍子
oscuras,黑暗的
lunático,月亮的
lograremos,我们将实现
llamados,被称为
leyó,读了
inicio,开始
docenas,打十几个
directora,女导演
complicada,复杂的
cogió,抓住
camara,相机
arruinó,毁坏
apuro,困境
abro,我打开
vestuario,服装
vergonzoso,令人羞愧的
sorprendería,会让人惊讶
sientate,坐下
rastrear,追踪
proviene,来自
profesores,老师
primos,表兄弟
premios,奖项
permitió,允许
medico,医生
marcar,标记
mantenlo,保持它
jueces,法官
instrumentos,工具
incendios,火灾
imbecil,傻瓜
garantía,保证
francos,法郎
especies,物种
escribiré,我会写
emboscada,埋伏
educado,有教养的
devolveré,我会还
danza,舞蹈
creería,我会相信
confundida,困惑的
asegurado,确保的
apuntando,指向
anormal,不正常
agradecemos,我们感谢
tomara,将要
televisor,电视
suponer,假设
salvarme,救我
preocupan,担忧
perdonar,原谅
perdedores,失败者
pa,爸
margen,边缘
mandaré,我会发送
ingeniería,工程
id,身份
herencia,遗产
gobernar,统治
doncella,少女
comprando,购买
colonias,殖民地
bases,基础
barras,条
bájame,把我放下来
solicitud,申请
sendero,小径
sacerdotes,牧师
revisión,审查
restaurantes,餐厅
rastros,痕迹
pegarle,打他
patrones,模式
obtuvo,获得
mortales,致命的
matrícula,注册
instalaciones,设施
enojo,愤怒
duras,艰难的
dejarías,你会留下
corrupción,腐败
controlarlo,控制它
apágalo,关掉它
alimento,食物
terriblemente,可怕地
solíamos,我们曾经
ríe,笑
reza,祈祷
promedio,平均
pórtate,表现
misiones,任务
meten,放进
lotería,彩票
italianos,意大利人
guardianes,守护者
ganaron,赢得了
fáciles,简单的
excelentes,优秀的
escritura,写作
escapando,逃跑
encontre,我找到了
empacar,打包
em,在
devuelve,归还
convirtiendo,转变
contraseña,密码
cojones,混蛋
caca,屎
bromeaba,开玩笑
ayudaste,你帮助了
artefacto,器械
abras,你会打开
subo,我上升
sentimental,感情的
semillas,种子
sáquenlo,把它拿出来
sabrías,你会知道
reconocido,被认可
privacidad,隐私
portaaviones,航空母舰
parecerá,看起来会
ocupa,占用
lucir,看起来
habré,我将会
estudié,我学习了
enseñe,教
encontraría,我会找到
dolerá,会痛
dispuestos,愿意的
discreción,谨慎
deberás,你将必须
debate,辩论
creencias,信仰
crecen,增长
comas,吃
chiflado,疯狂的
aterrador,可怕的
volverse,变得
visiones,视野
surf,冲浪
software,软件
rival,对手
registrado,注册的
pensaré,我会考虑
ocurren,发生
ocuparme,照顾我
obsesión,痴迷
nube,云
nobles,高贵的
milla,英里
jamas,从不
insisto,我坚持
impide,阻止
gol,进球
frágil,脆弱的
eramos,我们曾是
entrará,将进入
dispararé,我会开火
dispárale,开火
derrotado,被击败的
chatarra,废料
cálculos,计算
caigo,我掉落
brillo,光辉
basurero,垃圾桶
ayuden,帮助
aquellas,那些
altamente,高度
alienígenas,外星人
acercó,靠近
abiertas,开放的
toqué,我触摸
tomarte,让你
senos,胸部
provocar,引发
plumas,羽毛
lograron,他们成功了
inicial,初始
femenino,女性的
extras,额外
entrego,我交付
encontrarlos,找到他们
culto,崇拜
cuántica,量子
calendario,日历
atracción,吸引
asustan,吓到
asegurarse,确保
arregló,修理
aquél,那个
aprendiz,学徒
aprendes,你学习
agresión,攻击
acompaño,我陪伴
abuso,虐待
viví,我生活
triunfo,胜利
traerte,带给你
temblando,颤抖
respire,呼吸
ocúpate,照顾
llévalo,带走它
limpiando,清理
haria,会做
grandeza,伟大
exhibición,展览
evacuación,撤离
dobla,翻倍
deshazte,摆脱
desgraciadamente,不幸的是
crei,我相信
crack,裂缝
contenido,内容
arruinaste,你毁了
aprobación,批准
alumno,学生
agresivo,攻击性
zorro,狐狸
terminen,结束
sacrificios,牺牲
rompiendo,破坏
riñón,肾脏
reúne,聚集
recorrido,行程
positiva,积极
murciélago,蝙蝠
morimos,我们死了
medicamentos,药物
marines,海军陆战队
mantendré,我将保持
insignia,徽章
halló,发现
filete,牛排
esperad,等一下
enviaste,你发送了
enseñando,教导
disfruto,我享受
determinar,确定
desesperada,绝望的
delincuente,罪犯
cristianos,基督徒
calentamiento,加热
agradecerte,感谢你
afectado,受影响的
ábrelo,打开它
sincera,真诚的
quedando,留下
pila,电池
peligrosas,危险的
nasa,NASA
mataran,他们会杀
lamentablemente,不幸的是
labor,劳动
jinete,骑手
hipoteca,抵押贷款
hacerles,给他们
femenina,女性的
elemento,元素
deshacerse,摆脱
defensas,防御
cuarentena,隔离
comete,犯错
casamos,我们结婚
camarera,女服务员
callarte,闭嘴
baloncesto,篮球
acabaste,你完成了
vendí,我卖了
tuvieran,他们有
sonidos,声音
sirves,你服务
separación,分离
quítame,把我去掉
opuesto,相反
norteamericano,美国人
llevarle,带给他
hospitalidad,好客
enteró,他知道
declaro,我声明
cifras,数字
catorce,十四
cambies,改变
ayudame,帮我
aprendió,学会了
apagado,关闭
alambre,电线
terremoto,地震
separarnos,分开
secretas,秘密的
quemaduras,烧伤
preparo,准备
poeta,诗人
pagarás,你会支付
olvidalo,忘了它
mudo,哑巴
magdalena,玛德琳蛋糕
letrero,标牌
esconderse,躲藏
email,电子邮件
conseguirás,你会得到
terminada,完成
táctica,战术
sonaba,响起
shh,嘘
sepamos,让我们知道
quedaras,你会留下
púdrete,去死吧
patán,粗人
pareciera,似乎
nucleares,核
moría,死去
mírala,看她
miento,我说谎
lesiones,伤害
leones,狮子
invertir,投资
insulto,侮辱
grites,大喊
flotando,漂浮
flechas,箭
establecer,建立
elevador,电梯
eléctrico,电动的
dueña,女主人
determinado,决定的
cuevas,洞穴
cuadra,街区
cortando,切割
cambiarlo,改变它
aprovechar,利用
anual,年度
anímate,振作起来
ando,进行中
suspendido,暂停
sentirá,将会感受到
perras,钱
melodía,旋律
mandan,命令
linaje,血统
levántese,请起立
interruptor,开关
decidieron,他们决定
conversaciones,对话
contrabando,走私
cachorro,小狗
bañera,浴缸
asustar,吓唬
aceptó,接受
abren,打开
vinos,葡萄酒
vasos,杯子
sueltes,放开
profecía,预言
molestarte,打扰你
metiendo,放入
llueve,下雨
invitada,受邀者
inocencia,无辜
helicópteros,直升机
guarde,保存
grandiosa,宏伟
físicamente,身体上
esperándote,等你
enrique,恩里克
elegiste,你选择了
diente,牙齿
desarrollar,发展
construyendo,建设中
conocieron,他们认识
chicle,口香糖
atlántico,大西洋
acondicionado,空调
acercarme,靠近我
abrí,我打开了
tirador,拉手
ruina,废墟
respeta,尊重
recordaba,记得
polis,警察
perseguir,追逐
pégale,打他
novedad,新奇
muévase,移动
muerde,咬
moscas,苍蝇
memorias,记忆
langosta,龙虾
japonesa,日本的
insiste,坚持
hablaron,他们说
generales,一般
freno,刹车
existía,存在
examinar,检查
euros,欧元
etapa,阶段
detención,逮捕
cuervos,乌鸦
convertirá,将会转变
congresista,国会议员
asusté,我吓到了
subtitulos,字幕
sonó,响起
separamos,我们分开
reflejo,反射
navidades,圣诞节
moverte,移动你
levantó,抬起
italiana,意大利的
integridad,完整性
informa,通知
hanzo,汉佐
hábil,灵巧
fabulosa,极好的
demas,其他
cofre,箱子
causando,造成
cancha,场地
bruto,粗鲁
brindemos,让我们干杯
ayudarás,你会帮助
abandonada,被遗弃的
vito,维托
vestir,穿衣
usaron,使用
torpedos,鱼雷
sonda,探测器
relajarte,放松
reactor,反应堆
pobreza,贫穷
ocupar,占据
moverme,移动我
localizado,定位
llévala,带她
insoportable,无法忍受
insecto,昆虫
explota,爆炸
escondida,隐藏
engañó,欺骗
encontrara,找到
dinamita,炸药
desaparición,消失
depto,公寓
debíamos,我们应该
creed,信仰
corra,跑
compramos,我们买了
cercana,接近
barro,泥巴
arreglaremos,我们会修理
valentía,勇气
tratos,交易
salmón,鲑鱼
quitas,拿走
perdonen,原谅
nerviosos,紧张
necesariamente,必然
mercedes,梅赛德斯
mejora,改善
maravillas,奇迹
levantarme,起床
intentaron,他们尝试了
intelectual,知识分子
ingenioso,聪明
hirieron,受伤
hablabas,你说过
frito,油炸
escapaste,你逃跑了
desactivar,解除
concierne,涉及
cómodos,舒适
calcetines,袜子
agradecimiento,感谢
abriendo,打开
tubos,管子
tristes,悲伤
texto,文本
ritual,仪式
reservado,保留
proyectos,项目
perpetua,永久的
observador,观察者
nadando,游泳
moviéndose,移动
mátala,杀了她
mantuvo,保持
latín,拉丁语
irlandeses,爱尔兰人
inaceptable,不可接受
golfo,海湾
exitosa,成功的
escucharte,听你
elle,她
desnudos,裸体
descansen,休息
descansando,正在休息
costar,花费
conociera,认识
comunicarse,沟通
coja,拿
chao,再见
borrachos,醉汉
apocalipsis,启示录
adrenalina,肾上腺素
acompañarme,陪我
vídeo,视频
timbre,铃声
roban,抢劫
provecho,好处
panqueques,煎饼
obligación,义务
helion,海洋
guardado,保存
gemelas,双胞胎
fundación,基金会
ficción,虚构
fantasías,幻想
edición,编辑
cavar,挖掘
carguen,装载
avion,飞机
auténtica,真实的
voladora,飞行的
trineo,雪橇
sirvienta,女仆
siguieron,继续
quitaré,我会去掉
promete,承诺
primaria,小学
previsto,预期
pasajero,乘客
paranoia,偏执
paramos,我们停下
opus,作品
monjes,僧侣
molino,磨坊
llévenlo,带走它
liberado,释放
juntar,聚集
inventar,发明
interferencia,干扰
institución,机构
infectado,感染
habra,将会有
gym,健身房
ganará,将赢得
encargaremos,我们将负责
cortos,短的
cooperar,合作
comiste,你吃了
cogí,我拿了
calvo,秃头
básico,基础
arteria,动脉
ali,阿里
alboroto,骚动
adoran,崇拜
tango,探戈
tablero,棋盘
sospecho,我怀疑
sobreviviente,幸存者
renuncia,辞职
reciba,接收
practicando,练习中
permanezcan,保持
pensará,他会想
ofrecerle,提供给你
mini,迷你
mejorado,改进
marciales,武术
manden,发送
larguémonos,我们走吧
fijo,固定
explicarle,解释给他
evaluación,评估
escogí,我选择了
elfos,精灵
demente,痴呆
corté,我剪了
consiguen,获得
confirmación,确认
completar,完成
categoría,类别
ayudé,我帮助了
atraer,吸引
zapatillas,运动鞋
violar,侵犯
sonreír,微笑
pretende,打算
ordinario,普通
olvídelo,忘记它
nuca,后颈
nietos,孙子
metan,放入
levantes,抬起
favores,好处
factor,因素
empezaremos,我们将开始
detengas,不要停止
deseando,渴望
cuernos,角
criada,女仆
consentimiento,同意
comunistas,共产主义者
cartuchos,墨盒
cangrejo,螃蟹
bonos,债券
apreciar,欣赏
agárralo,抓住它
vapor,蒸汽
trataste,你尝试过
tejado,屋顶
semestre,学期
riqueza,财富
recibes,你收到
millonario,百万富翁
mecánica,机械
leyendas,传说
jr,小号
halla,发现
estimado,估计
entiendas,你理解
eché,我扔了
dirijo,我指挥
destruirá,将摧毁
deberán,他们将必须
cooperación,合作
conclusiones,结论
comunes,共同的
brilla,闪耀
basada,基于
bandido,强盗
astronauta,宇航员
aprisa,快点
aislado,孤立
tribus,部落
tela,布
reportero,记者
químico,化学家
persiguen,追赶
perfección,完美
palanca,杠杆
marrón,棕色
madrugada,黎明
hicieran,做
guante,手套
firmó,签署
envían,发送
dañar,损害
creerás,你会相信
convertirme,转变为
confiable,可靠
comics,漫画
carmen,卡门
apretado,紧
agarre,握住
vulnerable,脆弱
vieras,你看到
terminan,结束
tenso,紧张
telegrama,电报
sepárense,分开
relojes,手表
referencia,参考
quemó,烧
periodo,时期
nevada,雪
matón,打手
matanza,屠杀
mantenido,维持
mantenerse,保持
inmortal,不朽
hermanita,妹妹
frenos,刹车
disparas,开枪
despreciable,可鄙
dejeme,让我
cosita,小东西
conejos,兔子
carnicero,肉贩
bodega,酒窖
aires,空气
ringo,铃声
reportar,报告
reflejos,反射
propina,小费
prácticas,实践
peleado,打斗
peinado,发型
oscuros,黑暗
olvidamos,我们忘记了
negativa,否定
materiales,材料
martini,马提尼
mantenerme,保持我
lesión,伤害
invencible,不可战胜
hubieses,如果你
gratitud,感激
film,电影
explorador,探险者
esconderte,藏起来
enviando,发送
discutirlo,讨论它
desaparecida,失踪
cuna,摇篮
cosquillas,挠痒痒
comedia,喜剧
baterías,电池
avisado,被告知
asistir,参加
apropiada,适当
afortunados,幸运的
acercarse,接近
acelera,加速
suene,响起
similares,相似
respetable,可尊敬
planear,计划
pajarito,小鸟
inspección,检查
habiendo,已经
experimentar,体验
escolta,护送
domingos,星期天
desesperación,绝望
deseamos,我们希望
dejalo,放手
cuestan,花费
coro,合唱
convincente,令人信服的
conectados,连接的
castigado,惩罚的
cambiarme,换我
ayudan,帮助
atardecer,黄昏
aparecido,出现
ambición,野心
agarro,抓住
sobredosis,过量
rápidos,快速的
probabilidad,概率
perdidas,损失
panza,肚子
necesitábamos,我们需要
naval,海军的
levantarte,起床
leña,柴火
inesperado,意外的
fichas,筹码
favoritos,最喜欢的
explorar,探索
espaciales,空间的
entregue,交付
dominio,领域
demostrado,证明的
costumbres,习俗
charlar,聊天
certificado,证书
cayo,小岛
anteriores,之前的
alemana,德国的
activa,活跃的
aceptan,接受
turnos,轮班
traidores,叛徒
terrestre,陆地的
sirena,美人鱼
sauditas,沙特人
revólver,左轮手枪
refresco,饮料
precisión,精确
permanezca,保持
pérdidas,损失
perderlo,失去它
monasterio,修道院
mocoso,小屁孩
marineros,水手
limón,柠檬
lanzó,发射
inmenso,巨大的
golpeando,击打
escogido,选择的
deshacerme,让我摆脱
descenso,下降
debiera,应该
dándole,给
cubo,桶
continúen,继续
comarca,地区
caviar,鱼子酱
bloqueado,被封锁
acompaña,陪伴
vístete,穿上衣服
teorías,理论
salvará,将拯救
sacan,拿出
rio,河
rifles,步枪
relajate,放松
rasguño,划伤
quebrado,破碎
producir,生产
presiona,按压
peludo,毛茸茸的
patricia,帕特里夏
operadora,操作员
obligó,强迫
mostaza,芥末
mencionado,提到的
martín,马丁
exige,要求
entretenimiento,娱乐
entregó,交付
elfo,精灵
desarrollado,发展
cenicienta,灰姑娘
babor,左舷
ares,阿瑞斯
anunciar,宣布
admite,承认
triple,三倍
técnicas,技术
sobrevivido,幸存
rotos,破碎的
respóndeme,回答我
resfriado,感冒
rana,青蛙
preguntaron,问
periodistas,记者
pedo,屁
pasto,草
pamela,宽边帽
madura,成熟
lárguense,滚开
kelvin,开尔文
judía,犹太的
jodidamente,他妈的
instalación,安装
hazle,给他
haras,你们将做
hacéis,你们做
fumas,你抽烟
farmacia,药店
eliminado,已删除
dígales,告诉他们
define,定义
cerebros,大脑
celdas,牢房
cargada,装载
agradecida,感激
acaben,结束
tripas,肠子
tradicional,传统
sandwich,三明治
romana,罗马秤
regresan,他们回来了
recorrer,走遍
preocupaba,担心
movernos,移动我们
latas,罐头
habitacion,房间
génesis,创世纪
estúpidas,愚蠢的
escogiste,你选择了
escocés,苏格兰的
encendida,点燃
despido,解雇
delgado,瘦
cortaré,我会切
convenció,说服
carnada,诱饵
cargas,负载
brutal,残酷
atrasado,延迟
atrapen,抓住
acoso,骚扰
aah,啊
tropa,部队
sopla,吹
sangrar,流血
presentarme,介绍我
pavos,火鸡
oren,祈祷
niñez,童年
necesitaría,我需要
mantengo,我保持
leve,轻微
lancha,快艇
inversiones,投资
intenso,强烈
existido,存在过
enseñaste,你教过
elegí,我选择
duende,小精灵
dormía,我在睡觉
díganme,告诉我
desesperados,绝望的
cúbranse,掩护
cicatrices,伤疤
cambiamos,我们改变
bailarín,舞者
acordamos,我们达成
acera,人行道
viviré,我会生活
víbora,毒蛇
saques,抽取
saldría,我会出去
pésimo,糟糕
patética,可怜
pagarán,他们会支付
ojala,希望
naturales,自然的
mirarme,看着我
mg,毫克
máscaras,面具
logre,我成功
laberinto,迷宫
halcón,猎鹰
frutas,水果
fórmula,公式
esfera,球体
entusiasmo,热情
enseñan,他们教
encontrarse,相遇
encargarme,让我负责
desconocida,未知的
descifrar,解码
deliciosa,美味的
dejaran,留下
daban,给
conocimientos,知识
comenzará,将开始
asustados,害怕的
acabaré,我会结束
abrirla,打开它
abrirá,将打开
vulgar,粗俗
viena,维也纳
valiosa,有价值的
úitima,最后
tenés,你有
quité,我走了
queriendo,想要
protegerme,保护我
pornografía,色情
parecían,看起来
originales,原创
obedece,服从
jode,操
inscripción,注册
enteras,完整的
encontrarle,找到他
desear,希望
descuento,折扣
dense,紧密
déjenos,让我们
darías,你会给
creerán,他们会相信
crecimiento,增长
continuación,继续
conocerlos,认识他们
coalición,联盟
cigarros,香烟
causas,原因
cargador,充电器
calorías,卡路里
arqueros,弓箭手
victimas,受害者
tormentas,风暴
tiraste,你扔了
soporte,支持
retroceder,后退
regan,再来
pudiese,能够
prepararé,我会准备
precios,价格
músico,音乐家
matarás,你会杀
luchado,奋斗
implica,涉及
hombrecito,小男人
hábitos,习惯
gorra,帽子
gorila,大猩猩
galáctica,银河的
corteza,树皮
contéstame,回答我
comprometido,承诺的
cálculo,计算
aseguraré,我会确保
ansiedad,焦虑
amenazó,威胁
activar,激活
abriré,我会打开
ábrela,打开它
une,连接
tomarse,花时间
mudó,搬家
levanto,我抬起
laboratorios,实验室
financiero,金融的
encubierto,隐蔽的
crió,养活
creador,创造者
coloca,放置
brindo,我祝酒
apoyar,支持
ahorros,储蓄
abres,你打开
votar,投票
verónica,维罗妮卡
velo,面纱
unirte,加入你
revisado,已审查
queramos,我们想要
podriamos,我们可以
pagaría,我会支付
ignorar,忽视
gimnasia,体操
fronteras,边界
etiqueta,标签
enojes,不要生气
enemigas,敌人
definición,定义
declarado,已声明
curado,治愈
cerebrales,脑部的
ballet,芭蕾舞
atrapé,我抓住
americanas,美式的
actúas,你表演
aconsejo,建议
terminaré,我会完成
subimos,我们上升
subes,你上升
revise,检查
quiza,也许
químicos,化学的
querias,你想要
protegerla,保护她
plana,平坦的
paranoico,偏执的
ofrecen,提供
nueces,坚果
montones,一堆
llevarlos,带他们
llegaría,我会到达
inventado,发明的
haberlos,有他们
explotó,爆炸了
esclava,奴隶
duró,持续
desperdiciar,浪费
delicada,精致的
cualidades,品质
costas,海岸
contestó,回答
conecta,连接
colgando,悬挂
coartada,不在场证明
celebrando,庆祝
atentos,注意
atascado,卡住
anfitrión,东道主
admirador,崇拜者
acérquense,靠近
abeja,蜜蜂
unir,联合
suprema,至高无上的
sillas,椅子
sacrificar,牺牲
retorno,返回
represento,我代表
pelean,打架
pedirme,请我
mirarte,看你
lazo,联系
ideales,理想
habias,你曾经
guarida,巢穴
esposos,配偶
esperaban,他们在等待
escondidos,隐藏的
dinosaurio,恐龙
conseguirte,得到你
conocernos,认识我们
conocerle,认识他
carteles,海报
atento,注意
arañas,蜘蛛
alucinaciones,幻觉
zonas,区域
viajado,旅行过
realista,现实主义者
rama,树枝
quiten,移走
paras,你们
pagaron,支付了
mismísimo,最亲
míreme,看着我
marcho,我走了
inventé,我发明了
interesados,感兴趣的
intentaremos,我们将尝试
ilegales,非法的
grandote,大个子
gotas,水滴
fino,细的
estanque,池塘
estaca,桩
esgrima,击剑
escuchad,听着
envuelto,包裹
doscientos,两百
disfraces,服装
delgada,瘦的
decia,说
cuñado,姐夫
cumplí,我完成了
cuidadosamente,小心地
consiguieron,他们得到了
cepillo,刷子
celebración,庆祝
botín,战利品
arrancar,拔掉
alimenta,喂养
ajá,啊哈
ahorrar,节省
africa,非洲
vudú,巫毒
tuviese,如果有
salte,跳出
rehabilitación,康复
rechazado,被拒绝
pasarme,给我
ordene,命令
mátenlo,杀了他
llegaba,到达
horizonte,地平线
hacerlos,做他们
formen,形成
excepcional,例外
entierro,埋葬
energia,能量
enanos,小矮人
eliges,你选择
disculpo,我道歉
digitales,数字的
dicha,幸福
desaparecerá,将消失
desafortunado,不幸的
delantera,前线
daga,匕首
creeme,相信我
contestes,你回答
atravesó,穿过
atrapamos,我们抓住
asustas,你吓到
artificiales,人工的
arreglamos,我们修理
arca,箱子
apurate,快点
amabas,你们两个
acusados,被指控的
abuelos,祖父母
vagina,阴道
solicito,我请求
rezando,祈祷
repita,重复
reducir,减少
querés,你想要
planeo,我计划
perfectas,完美的
neutral,中立
na,不
mueves,你移动
legales,法律的
lavandería,洗衣房
jeep,吉普车
helada,霜冻
futbol,足球
fijado,固定的
feroz,凶猛的
debían,他们应该
creían,他们相信
cordero,小羊
consulado,领事馆
círculos,圆圈
caíste,你摔倒了
áreas,区域
virtud,美德
únicas,独特的
técnicos,技术人员
silencioso,安静的
sencillamente,简单地
selección,选择
sabés,你知道
reportera,女记者
reliquia,遗物
pertenezco,我属于
penas,惩罚
paisaje,风景
ocupación,职业
notar,注意
migajas,面包屑
marcado,标记
mantenemos,我们保持
interrogatorio,审讯
internado,住院
hubiesen,他们会
honestos,诚实的
holanda,荷兰
helados,冰淇淋
gramos,克
frio,冷
estate,待在
encargará,将负责
electrónico,电子的
disculpan,他们道歉
defecto,缺陷
dedicas,你致力于
curva,曲线
cría,养殖
convierta,转变
comprometida,承诺的
ballenas,鲸鱼
amigable,友好的
